1002002,5 spice powder,https://img.spoonacular.com/ingredients_100x100/5-spice-powder.jpg,
11482,acorn squash,https://img.spoonacular.com/ingredients_100x100/acorn-squash.jpg,
6979,adobo sauce,https://img.spoonacular.com/ingredients_100x100/adobo-sauce.jpg,
19912,agave nectar,https://img.spoonacular.com/ingredients_100x100/agave-nectar.jpg,
15117,ahi tuna,https://img.spoonacular.com/ingredients_100x100/ahi-tuna.jpg,
93606,alfredo pasta sauce,https://img.spoonacular.com/ingredients_100x100/alfredo-pasta-sauce.jpg,
1002050,almond extract,https://img.spoonacular.com/ingredients_100x100/almond-extract.jpg,
93740,almond flour,https://img.spoonacular.com/ingredients_100x100/almond-flour.jpg,
93607,almond milk,https://img.spoonacular.com/ingredients_100x100/almond-milk.jpg,
12061,almonds,https://img.spoonacular.com/ingredients_100x100/almonds.jpg,TRUE
10014534,amaretto,https://img.spoonacular.com/ingredients_100x100/amaretto.jpg,
10211962,ancho chiles,https://img.spoonacular.com/ingredients_100x100/ancho-chiles.jpg,
15001,anchovies,https://img.spoonacular.com/ingredients_100x100/anchovies.jpg,
7064,andouille sausage,https://img.spoonacular.com/ingredients_100x100/andouille-sausage.jpg,
18087,angel food cake mix,https://img.spoonacular.com/ingredients_100x100/angel-food-cake-mix.jpg,
10020420,angel hair pasta,https://img.spoonacular.com/ingredients_100x100/angel-hair-pasta.jpg,
93653,angostura bitters,https://img.spoonacular.com/ingredients_100x100/angostura-bitters.jpg,
9003,apple,https://img.spoonacular.com/ingredients_100x100/apple.jpg,TRUE
19294,apple butter spread,https://img.spoonacular.com/ingredients_100x100/apple-butter-spread.jpg,
1009016,apple cider,https://img.spoonacular.com/ingredients_100x100/apple-cider.jpg,
9016,apple juice,https://img.spoonacular.com/ingredients_100x100/apple-juice.jpg,
1042035,apple pie spice,https://img.spoonacular.com/ingredients_100x100/apple-pie-spice.jpg,
19719,apricot preserves,https://img.spoonacular.com/ingredients_100x100/apricot-preserves.jpg,
9021,apricots,https://img.spoonacular.com/ingredients_100x100/apricots.jpg,
10020052,arborio rice,https://img.spoonacular.com/ingredients_100x100/arborio-rice.jpg,
20003,arrowroot powder,https://img.spoonacular.com/ingredients_100x100/arrowroot-powder.jpg,
93828,artichoke heart quarters,https://img.spoonacular.com/ingredients_100x100/artichoke-heart-quarters.jpg,
11007,artichokes,https://img.spoonacular.com/ingredients_100x100/artichokes.jpg,
11959,arugula,https://img.spoonacular.com/ingredients_100x100/arugula.jpg,
1032035,asafoetida,https://img.spoonacular.com/ingredients_100x100/asafoetida.jpg,
0,asafoetida powder,https://img.spoonacular.com/ingredients_100x100/asafoetida-powder.jpg,
1001033,asiago cheese,https://img.spoonacular.com/ingredients_100x100/asiago-cheese.jpg,
9252,asian pear,https://img.spoonacular.com/ingredients_100x100/asian-pear.jpg,
11011,asparagus spears,https://img.spoonacular.com/ingredients_100x100/asparagus-spears.jpg,
9037,avocado,https://img.spoonacular.com/ingredients_100x100/avocado.jpg,TRUE
4581,avocado oil,https://img.spoonacular.com/ingredients_100x100/avocado-oil.jpg,
10311821,baby bell peppers,https://img.spoonacular.com/ingredients_100x100/baby-bell-peppers.jpg,
93636,baby bok choy,https://img.spoonacular.com/ingredients_100x100/baby-bok-choy.jpg,
11960,baby carrots,https://img.spoonacular.com/ingredients_100x100/baby-carrots.jpg,
10011168,baby corn,https://img.spoonacular.com/ingredients_100x100/baby-corn.jpg,
11457,baby spinach leaves,https://img.spoonacular.com/ingredients_100x100/baby-spinach-leaves.jpg,
10010204,baby-back ribs,https://img.spoonacular.com/ingredients_100x100/baby-back-ribs.jpg,
10192,baby-back ribs,https://img.spoonacular.com/ingredients_100x100/baby-back-ribs.jpg,
10123,bacon,https://img.spoonacular.com/ingredients_100x100/bacon.jpg,
4609,bacon fat,https://img.spoonacular.com/ingredients_100x100/bacon-fat.jpg,
18033,baguette,https://img.spoonacular.com/ingredients_100x100/baguette.jpg,
19078,baking bar,https://img.spoonacular.com/ingredients_100x100/baking-bar.jpg,
18371,baking powder,https://img.spoonacular.com/ingredients_100x100/baking-powder.jpg,
18372,baking soda,https://img.spoonacular.com/ingredients_100x100/baking-soda.jpg,
98998,balsamic glaze,https://img.spoonacular.com/ingredients_100x100/balsamic-glaze.jpg,
2069,balsamic vinegar,https://img.spoonacular.com/ingredients_100x100/balsamic-vinegar.jpg,
11028,bamboo shoots,https://img.spoonacular.com/ingredients_100x100/bamboo-shoots.jpg,
9040,banana,https://img.spoonacular.com/ingredients_100x100/bananas.jpg,TRUE
10020444,basmati rice,https://img.spoonacular.com/ingredients_100x100/basmati-rice.jpg,
2004,bay leaves,https://img.spoonacular.com/ingredients_100x100/bay-leaves.jpg,
6150,bbq sauce,https://img.spoonacular.com/ingredients_100x100/bbq-sauce.jpg,
16069,beans,https://img.spoonacular.com/ingredients_100x100/beans.jpg,
23572,beef,https://img.spoonacular.com/ingredients_100x100/beef.jpg,
13023,beef brisket,https://img.spoonacular.com/ingredients_100x100/beef-brisket.jpg,
6008,beef broth,https://img.spoonacular.com/ingredients_100x100/beef-broth.jpg,
13786,beef chuck roast,https://img.spoonacular.com/ingredients_100x100/beef-chuck-roast.jpg,
6170,beef stock,https://img.spoonacular.com/ingredients_100x100/beef-stock.jpg,
13926,beef tenderloin,https://img.spoonacular.com/ingredients_100x100/beef-tenderloin.jpg,
14003,beer,https://img.spoonacular.com/ingredients_100x100/beer.jpg,
14006,beer,https://img.spoonacular.com/ingredients_100x100/beer.jpg,
11080,beets,https://img.spoonacular.com/ingredients_100x100/beets.jpg,
10211821,bell pepper,https://img.spoonacular.com/ingredients_100x100/bell-pepper.jpg,
1009054,berries,https://img.spoonacular.com/ingredients_100x100/berries.jpg,
18010,biscuit mix,https://img.spoonacular.com/ingredients_100x100/biscuit-mix.jpg,
18009,biscuits,https://img.spoonacular.com/ingredients_100x100/biscuits.jpg,
19903,bittersweet chocolate,https://img.spoonacular.com/ingredients_100x100/bittersweet-chocolate.jpg,
99210,black bean sauce,https://img.spoonacular.com/ingredients_100x100/black-bean-sauce.jpg,
16015,black beans,https://img.spoonacular.com/ingredients_100x100/black-beans.jpg,
1059195,black olives,https://img.spoonacular.com/ingredients_100x100/black-olives.jpg,
1002030,black pepper,https://img.spoonacular.com/ingredients_100x100/black-pepper.jpg,
10012023,black sesame seeds,https://img.spoonacular.com/ingredients_100x100/black-sesame-seeds.jpg,
9042,blackberries,https://img.spoonacular.com/ingredients_100x100/blackberries.jpg,
12062,blanched almonds,https://img.spoonacular.com/ingredients_100x100/blanched-almonds.jpg,
1009200,blood orange,https://img.spoonacular.com/ingredients_100x100/blood-orange.jpg,
1004,blue cheese,https://img.spoonacular.com/ingredients_100x100/blue-cheese.jpg,TRUE
9050,blueberries,https://img.spoonacular.com/ingredients_100x100/blueberries.jpg,TRUE
11116,bok choy,https://img.spoonacular.com/ingredients_100x100/bok-choy.jpg,
1055062,boneless skinless chicken breast,https://img.spoonacular.com/ingredients_100x100/boneless-skinless-chicken-breast.jpg,
10014037,bourbon,https://img.spoonacular.com/ingredients_100x100/bourbon.jpg,
10114037,brandy,https://img.spoonacular.com/ingredients_100x100/brandy.jpg,
18064,bread,https://img.spoonacular.com/ingredients_100x100/bread.jpg,
10120129,bread flour,https://img.spoonacular.com/ingredients_100x100/bread-flour.jpg,
7919,breakfast links,https://img.spoonacular.com/ingredients_100x100/breakfast-links.jpg,
1006,brie,https://img.spoonacular.com/ingredients_100x100/brie.jpg,
11090,broccoli,https://img.spoonacular.com/ingredients_100x100/broccoli.jpg,
10011090,broccoli florets,https://img.spoonacular.com/ingredients_100x100/broccoli-florets.jpg,
20040,brown rice,https://img.spoonacular.com/ingredients_100x100/brown-rice.jpg,
20090,brown rice flour,https://img.spoonacular.com/ingredients_100x100/brown-rice-flour.jpg,
19334,brown sugar,https://img.spoonacular.com/ingredients_100x100/brown-sugar.jpg,
18632,brownie mix,https://img.spoonacular.com/ingredients_100x100/brownie-mix.jpg,
11098,brussel sprouts,https://img.spoonacular.com/ingredients_100x100/brussel-sprouts.jpg,
20012,bulgur,https://img.spoonacular.com/ingredients_100x100/bulgur.jpg,
1001,butter,https://img.spoonacular.com/ingredients_100x100/butter.jpg,TRUE
11250,butterhead lettuce,https://img.spoonacular.com/ingredients_100x100/butterhead-lettuce.jpg,
1230,buttermilk,https://img.spoonacular.com/ingredients_100x100/buttermilk.jpg,
11485,butternut squash,https://img.spoonacular.com/ingredients_100x100/butternut-squash.jpg,
19070,butterscotch chips,https://img.spoonacular.com/ingredients_100x100/butterscotch-chips.jpg,
11109,cabbage,https://img.spoonacular.com/ingredients_100x100/cabbage.jpg,
43015,caesar dressing,https://img.spoonacular.com/ingredients_100x100/caesar-dressing.jpg,
1032028,cajun seasoning,https://img.spoonacular.com/ingredients_100x100/cajun-seasoning.jpg,
10020129,cake flour,https://img.spoonacular.com/ingredients_100x100/cake-flour.jpg,
93759,candy canes,https://img.spoonacular.com/ingredients_100x100/candy-canes.jpg,
98857,candy coating,https://img.spoonacular.com/ingredients_100x100/candy-coating.jpg,
93775,candy melts,https://img.spoonacular.com/ingredients_100x100/candy-melts.jpg,
16018,canned black beans,https://img.spoonacular.com/ingredients_100x100/canned-black-beans.jpg,
11531,canned diced tomatoes,https://img.spoonacular.com/ingredients_100x100/canned-diced-tomatoes.jpg,
16058,canned garbanzo beans,https://img.spoonacular.com/ingredients_100x100/canned-garbanzo-beans.jpg,
11980,canned green chiles,https://img.spoonacular.com/ingredients_100x100/canned-green-chiles.jpg,
16034,canned kidney beans,https://img.spoonacular.com/ingredients_100x100/canned-kidney-beans.jpg,
11264,canned mushrooms,https://img.spoonacular.com/ingredients_100x100/canned-mushrooms.jpg,
16044,canned pinto beans,https://img.spoonacular.com/ingredients_100x100/canned-pinto-beans.jpg,
10016034,canned red kidney beans,https://img.spoonacular.com/ingredients_100x100/canned-red-kidney-beans.jpg,
10011693,canned tomatoes,https://img.spoonacular.com/ingredients_100x100/canned-tomatoes.jpg,
10115121,canned tuna,https://img.spoonacular.com/ingredients_100x100/canned-tuna.jpg,
16051,canned white beans,https://img.spoonacular.com/ingredients_100x100/canned-white-beans.jpg,
10016051,canned white cannellini beans,https://img.spoonacular.com/ingredients_100x100/canned-white-cannellini-beans.jpg,
10716050,cannellini beans,https://img.spoonacular.com/ingredients_100x100/cannellini-beans.jpg,
9181,cantaloupe,https://img.spoonacular.com/ingredients_100x100/cantaloupe.jpg,
2054,capers,https://img.spoonacular.com/ingredients_100x100/capers.jpg,
19364,caramel sauce,https://img.spoonacular.com/ingredients_100x100/caramel-sauce.jpg,
19074,caramels,https://img.spoonacular.com/ingredients_100x100/caramels.jpg,
2005,caraway seed,https://img.spoonacular.com/ingredients_100x100/caraway-seed.jpg,
2006,cardamom,https://img.spoonacular.com/ingredients_100x100/cardamom.jpg,
1002006,cardamom pods,https://img.spoonacular.com/ingredients_100x100/cardamom-pods.jpg,
15008,carp,https://img.spoonacular.com/ingredients_100x100/carp.jpg,
11124,carrots,https://img.spoonacular.com/ingredients_100x100/carrots.jpg,TRUE
15010,cat fish filets,https://img.spoonacular.com/ingredients_100x100/cat-fish-filets.jpg,
11135,cauliflower,https://img.spoonacular.com/ingredients_100x100/cauliflower.jpg,
10011135,cauliflower florets,https://img.spoonacular.com/ingredients_100x100/cauliflower-florets.jpg,
10111135,cauliflower rice,https://img.spoonacular.com/ingredients_100x100/cauliflower-rice.jpg,
11143,celery,https://img.spoonacular.com/ingredients_100x100/celery.jpg,TRUE
10111143,celery ribs,https://img.spoonacular.com/ingredients_100x100/celery-ribs.jpg,
11141,celery root,https://img.spoonacular.com/ingredients_100x100/celery-root.jpg,
1052047,celery salt,https://img.spoonacular.com/ingredients_100x100/celery-salt.jpg,
2007,celery seed,https://img.spoonacular.com/ingredients_100x100/celery-seed.jpg,
8029,cereal,https://img.spoonacular.com/ingredients_100x100/cereal.jpg,
10043155,champagne,https://img.spoonacular.com/ingredients_100x100/champagne.jpg,
99236,chana dal,https://img.spoonacular.com/ingredients_100x100/chana-dal.jpg,
1009,cheddar,https://img.spoonacular.com/ingredients_100x100/cheddar.jpg,
1041009,cheese,https://img.spoonacular.com/ingredients_100x100/cheese.jpg,
98921,cheese curds,https://img.spoonacular.com/ingredients_100x100/cheese-curds.jpg,
1188,cheese dip,https://img.spoonacular.com/ingredients_100x100/cheese-dip.jpg,
6038,cheese soup,https://img.spoonacular.com/ingredients_100x100/cheese-soup.jpg,
10093727,cheese tortellini,https://img.spoonacular.com/ingredients_100x100/cheese-tortellini.jpg,
9070,cherry,https://img.spoonacular.com/ingredients_100x100/cherries.jpg,TRUE
19314,cherry pie filling,https://img.spoonacular.com/ingredients_100x100/cherry-pie-filling.jpg,
10311529,cherry tomatoes,https://img.spoonacular.com/ingredients_100x100/cherry-tomatoes.jpg,
12098,chestnuts,https://img.spoonacular.com/ingredients_100x100/chestnuts.jpg,
12006,chia seeds,https://img.spoonacular.com/ingredients_100x100/chia-seeds.jpg,
6080,chicken base,https://img.spoonacular.com/ingredients_100x100/chicken-base.jpg,
6480,chicken bouillon,https://img.spoonacular.com/ingredients_100x100/chicken-bouillon.jpg,
1006080,chicken bouillon granules,https://img.spoonacular.com/ingredients_100x100/chicken-bouillon-granules.jpg,
5062,chicken breasts,https://img.spoonacular.com/ingredients_100x100/chicken-breasts.jpg,TRUE
6194,chicken broth,https://img.spoonacular.com/ingredients_100x100/chicken-broth.jpg,
5066,chicken drumsticks,https://img.spoonacular.com/ingredients_100x100/chicken-drumsticks.jpg,
5075,chicken legs,https://img.spoonacular.com/ingredients_100x100/chicken-legs.jpg,
1005006,chicken pieces,https://img.spoonacular.com/ingredients_100x100/chicken-pieces.jpg,
93668,chicken sausage,https://img.spoonacular.com/ingredients_100x100/chicken-sausage.jpg,
6172,chicken stock,https://img.spoonacular.com/ingredients_100x100/chicken-stock.jpg,
1015062,chicken tenders,https://img.spoonacular.com/ingredients_100x100/chicken-tenders.jpg,
5091,chicken thighs,https://img.spoonacular.com/ingredients_100x100/chicken-thighs.jpg,
5100,chicken wings,https://img.spoonacular.com/ingredients_100x100/chicken-wings.jpg,
16057,chickpea,https://img.spoonacular.com/ingredients_100x100/chickpea.jpg,
93749,chile garlic sauce,https://img.spoonacular.com/ingredients_100x100/chile-garlic-sauce.jpg,
6973,chili paste,https://img.spoonacular.com/ingredients_100x100/chili-paste.jpg,
11962,chili peppers,https://img.spoonacular.com/ingredients_100x100/chili-peppers.jpg,
2009,chili powder,https://img.spoonacular.com/ingredients_100x100/chili-powder.jpg,
6972,chili sauce,https://img.spoonacular.com/ingredients_100x100/chili-sauce.jpg,
11632,chipotle chiles in adobo,https://img.spoonacular.com/ingredients_100x100/chipotle-chiles-in-adobo.jpg,
98839,chipotle chilies,https://img.spoonacular.com/ingredients_100x100/chipotle-chilies.jpg,
99223,chipotle peppers in adobo,https://img.spoonacular.com/ingredients_100x100/chipotle-peppers-in-adobo.jpg,
93748,chive & onion cream cheese spread,https://img.spoonacular.com/ingredients_100x100/chive-&-onion-cream-cheese-spread.jpg,
19081,chocolate,https://img.spoonacular.com/ingredients_100x100/milk-chocolate.jpg,TRUE
28027,chocolate chip cookies,https://img.spoonacular.com/ingredients_100x100/chocolate-chip-cookies.jpg,
10419903,chocolate chunks,https://img.spoonacular.com/ingredients_100x100/chocolate-chunks.jpg,
19270,chocolate ice cream,https://img.spoonacular.com/ingredients_100x100/chocolate-ice-cream.jpg,
1102,chocolate milk,https://img.spoonacular.com/ingredients_100x100/chocolate-milk.jpg,
18166,chocolate sandwich cookies,https://img.spoonacular.com/ingredients_100x100/chocolate-sandwich-cookies.jpg,
14181,chocolate syrup,https://img.spoonacular.com/ingredients_100x100/chocolate-syrup.jpg,
10118157,chocolate wafer cookies,https://img.spoonacular.com/ingredients_100x100/chocolate-wafer-cookies.jpg,
7019,chorizo sausage,https://img.spoonacular.com/ingredients_100x100/chorizo-sausage.jpg,
2048,cider vinegar,https://img.spoonacular.com/ingredients_100x100/cider-vinegar.jpg,
11165,cilantro,https://img.spoonacular.com/ingredients_100x100/cilantro.jpg,
99020,cinnamon roll,https://img.spoonacular.com/ingredients_100x100/cinnamon-roll.jpg,
1002010,cinnamon stick,https://img.spoonacular.com/ingredients_100x100/cinnamon-stick.jpg,
10219335,cinnamon sugar,https://img.spoonacular.com/ingredients_100x100/cinnamon-sugar.jpg,
18047,cinnamon swirl bread,https://img.spoonacular.com/ingredients_100x100/cinnamon-swirl-bread.jpg,
14187,clam juice,https://img.spoonacular.com/ingredients_100x100/clam-juice.jpg,
15157,clams,https://img.spoonacular.com/ingredients_100x100/clams.jpg,
93632,clarified butter,https://img.spoonacular.com/ingredients_100x100/clarified-butter.jpg,
1002011,clove,https://img.spoonacular.com/ingredients_100x100/clove.jpg,
1002047,coarse salt,https://img.spoonacular.com/ingredients_100x100/coarse-salt.jpg,
2035,coarsely ground pepper,https://img.spoonacular.com/ingredients_100x100/coarsely-ground-pepper.jpg,
98846,cocoa nibs,https://img.spoonacular.com/ingredients_100x100/cocoa-nibs.jpg,
19165,cocoa powder,https://img.spoonacular.com/ingredients_100x100/cocoa-powder.jpg,
12104,coconut,https://img.spoonacular.com/ingredients_100x100/coconut.jpg,
98929,coconut aminos,https://img.spoonacular.com/ingredients_100x100/coconut-aminos.jpg,
93746,coconut butter,https://img.spoonacular.com/ingredients_100x100/coconut-butter.jpg,
12115,coconut cream,https://img.spoonacular.com/ingredients_100x100/coconut-cream.jpg,
1032050,coconut extract,https://img.spoonacular.com/ingredients_100x100/coconut-extract.jpg,
93747,coconut flour,https://img.spoonacular.com/ingredients_100x100/coconut-flour.jpg,
12118,coconut milk,https://img.spoonacular.com/ingredients_100x100/coconut-milk.jpg,
4047,coconut oil,https://img.spoonacular.com/ingredients_100x100/coconut-oil.jpg,
12119,coconut water,https://img.spoonacular.com/ingredients_100x100/coconut-water.jpg,
15015,cod,https://img.spoonacular.com/ingredients_100x100/cod.jpg,
14209,coffee,https://img.spoonacular.com/ingredients_100x100/coffee.jpg,
10414037,cognac,https://img.spoonacular.com/ingredients_100x100/cognac.jpg,
14400,cola,https://img.spoonacular.com/ingredients_100x100/cola.jpg,
1011,colby jack,https://img.spoonacular.com/ingredients_100x100/colby-jack.jpg,
11161,collard greens,https://img.spoonacular.com/ingredients_100x100/collard-greens.jpg,
6010,condensed cream of celery soup,https://img.spoonacular.com/ingredients_100x100/condensed-cream-of-celery-soup.jpg,
6147,condensed cream of mushroom soup,https://img.spoonacular.com/ingredients_100x100/condensed-cream-of-mushroom-soup.jpg,
99084,confectioner's swerve,https://img.spoonacular.com/ingredients_100x100/confectioner's-swerve.jpg,
10862,cooked bacon,https://img.spoonacular.com/ingredients_100x100/cooked-bacon.jpg,
20041,cooked brown rice,https://img.spoonacular.com/ingredients_100x100/cooked-brown-rice.jpg,
5064,cooked chicken breast,https://img.spoonacular.com/ingredients_100x100/cooked-chicken-breast.jpg,
10802,cooked ham,https://img.spoonacular.com/ingredients_100x100/cooked-ham.jpg,
10220445,cooked long grain rice,https://img.spoonacular.com/ingredients_100x100/cooked-long-grain-rice.jpg,
20421,cooked pasta,https://img.spoonacular.com/ingredients_100x100/cooked-pasta.jpg,
1008166,cooked polenta,https://img.spoonacular.com/ingredients_100x100/cooked-polenta.jpg,
20137,cooked quinoa,https://img.spoonacular.com/ingredients_100x100/cooked-quinoa.jpg,
20088,cooked wild rice,https://img.spoonacular.com/ingredients_100x100/cooked-wild-rice.jpg,
10118192,cookies,https://img.spoonacular.com/ingredients_100x100/cookies.jpg,
2012,coriander,https://img.spoonacular.com/ingredients_100x100/coriander.jpg,
11168,corn,https://img.spoonacular.com/ingredients_100x100/corn.jpg,TRUE
18022,corn bread mix,https://img.spoonacular.com/ingredients_100x100/corn-bread-mix.jpg,
19003,corn chips,https://img.spoonacular.com/ingredients_100x100/corn-chips.jpg,
8020,corn flakes cereal,https://img.spoonacular.com/ingredients_100x100/corn-flakes-cereal.jpg,
20019,corn flour,https://img.spoonacular.com/ingredients_100x100/corn-flour.jpg,
11172,corn kernels,https://img.spoonacular.com/ingredients_100x100/corn-kernels.jpg,
42289,corn oil,https://img.spoonacular.com/ingredients_100x100/corn-oil.jpg,
18363,corn tortillas,https://img.spoonacular.com/ingredients_100x100/corn-tortillas.jpg,
18023,cornbread,https://img.spoonacular.com/ingredients_100x100/cornbread.jpg,
13346,corned beef,https://img.spoonacular.com/ingredients_100x100/corned-beef.jpg,
5307,cornish hens,https://img.spoonacular.com/ingredients_100x100/cornish-hens.jpg,
35137,cornmeal,https://img.spoonacular.com/ingredients_100x100/cornmeal.jpg,TRUE
20027,cornstarch,https://img.spoonacular.com/ingredients_100x100/cornstarch.jpg,
1001019,cotija cheese,https://img.spoonacular.com/ingredients_100x100/cotija-cheese.jpg,
1012,cottage cheese,https://img.spoonacular.com/ingredients_100x100/cottage-cheese.jpg,
10018029,country bread,https://img.spoonacular.com/ingredients_100x100/country-bread.jpg,
11477,courgettes,https://img.spoonacular.com/ingredients_100x100/courgettes.jpg,
20028,couscous,https://img.spoonacular.com/ingredients_100x100/couscous.jpg,
16063,cow pea,https://img.spoonacular.com/ingredients_100x100/cow-pea.jpg,
10015136,crabmeat,https://img.spoonacular.com/ingredients_100x100/crabmeat.jpg,TRUE
2030,cracked pepper,https://img.spoonacular.com/ingredients_100x100/cracked-pepper.jpg,
9078,cranberries,https://img.spoonacular.com/ingredients_100x100/cranberries.jpg,
43382,cranberry juice,https://img.spoonacular.com/ingredients_100x100/cranberry-juice.jpg,
1053,cream,https://img.spoonacular.com/ingredients_100x100/cream.jpg,
1017,cream cheese,https://img.spoonacular.com/ingredients_100x100/cream-cheese.jpg,TRUE
1186,cream cheese block,https://img.spoonacular.com/ingredients_100x100/cream-cheese-block.jpg,
6016,cream of chicken soup,https://img.spoonacular.com/ingredients_100x100/cream-of-chicken-soup.jpg,
18373,cream of tartar,https://img.spoonacular.com/ingredients_100x100/cream-of-tartar.jpg,
11174,creamed corn,https://img.spoonacular.com/ingredients_100x100/creamed-corn.jpg,
10116098,creamy peanut butter,https://img.spoonacular.com/ingredients_100x100/creamy-peanut-butter.jpg,
1001056,creme fraiche,https://img.spoonacular.com/ingredients_100x100/creme-fraiche.jpg,
11266,cremini mushrooms,https://img.spoonacular.com/ingredients_100x100/cremini-mushrooms.jpg,
1002031,creole seasoning,https://img.spoonacular.com/ingredients_100x100/creole-seasoning.jpg,
8066,crisp rice cereal,https://img.spoonacular.com/ingredients_100x100/crisp-rice-cereal.jpg,
18242,croutons,https://img.spoonacular.com/ingredients_100x100/croutons.jpg,
93751,crystallized ginger,https://img.spoonacular.com/ingredients_100x100/crystallized-ginger.jpg,
11206,cucumber,https://img.spoonacular.com/ingredients_100x100/cucumber.jpg,TRUE
2014,cumin seeds,https://img.spoonacular.com/ingredients_100x100/cumin-seeds.jpg,
18139,cup cake,https://img.spoonacular.com/ingredients_100x100/cup-cake.jpg,
9085,currants,https://img.spoonacular.com/ingredients_100x100/currants.jpg,
93604,curry leaves,https://img.spoonacular.com/ingredients_100x100/curry-leaves.jpg,
10016223,dairy free milk,https://img.spoonacular.com/ingredients_100x100/dairy-free-milk.jpg,
10019334,dark brown sugar,https://img.spoonacular.com/ingredients_100x100/dark-brown-sugar.jpg,
19904,dark chocolate,https://img.spoonacular.com/ingredients_100x100/dark-chocolate.jpg,
10019904,dark chocolate candy bars,https://img.spoonacular.com/ingredients_100x100/dark-chocolate-candy-bars.jpg,
10019071,dark chocolate chips,https://img.spoonacular.com/ingredients_100x100/dark-chocolate-chips.jpg,
1004058,dark sesame oil,https://img.spoonacular.com/ingredients_100x100/dark-sesame-oil.jpg,
9087,dates,https://img.spoonacular.com/ingredients_100x100/dates.jpg,
18945,deep dish pie crust,https://img.spoonacular.com/ingredients_100x100/deep-dish-pie-crust.jpg,
10010151,deli ham,https://img.spoonacular.com/ingredients_100x100/deli-ham.jpg,
7259,deli turkey,https://img.spoonacular.com/ingredients_100x100/deli-turkey.jpg,
8121,dessert oats,https://img.spoonacular.com/ingredients_100x100/dessert-oats.jpg,
10014057,dessert wine,https://img.spoonacular.com/ingredients_100x100/dessert-wine.jpg,
99186,diced ham,https://img.spoonacular.com/ingredients_100x100/diced-ham.jpg,
14146,diet pop,https://img.spoonacular.com/ingredients_100x100/diet-pop.jpg,
1002046,dijon mustard,https://img.spoonacular.com/ingredients_100x100/dijon-mustard.jpg,
2045,dill,https://img.spoonacular.com/ingredients_100x100/dill.jpg,
10011937,dill pickles,https://img.spoonacular.com/ingredients_100x100/dill-pickles.jpg,
21118,hot dog,https://img.spoonacular.com/ingredients_100x100/hot-dog.jpg,
1011053,double cream,https://img.spoonacular.com/ingredients_100x100/double-cream.jpg,
9032,dried apricots,https://img.spoonacular.com/ingredients_100x100/dried-apricots.jpg,
2003,dried basil,https://img.spoonacular.com/ingredients_100x100/dried-basil.jpg,
93822,dried cherries,https://img.spoonacular.com/ingredients_100x100/dried-cherries.jpg,
99233,dried chorizo,https://img.spoonacular.com/ingredients_100x100/dried-chorizo.jpg,
9079,dried cranberries,https://img.spoonacular.com/ingredients_100x100/dried-cranberries.jpg,
2017,dried dill,https://img.spoonacular.com/ingredients_100x100/dried-dill.jpg,
11284,dried onion,https://img.spoonacular.com/ingredients_100x100/dried-onions.jpg,
10011268,dried porcini mushrooms,https://img.spoonacular.com/ingredients_100x100/dried-porcini-mushrooms.jpg,
1002038,dried rubbed sage,https://img.spoonacular.com/ingredients_100x100/dried-rubbed-sage.jpg,
2042,dried thyme,https://img.spoonacular.com/ingredients_100x100/dried-thyme.jpg,
11955,dried tomatoes,https://img.spoonacular.com/ingredients_100x100/dried-tomatoes.jpg,
18079,dry bread crumbs,https://img.spoonacular.com/ingredients_100x100/dry-bread-crumbs.jpg,
1090,dry milk,https://img.spoonacular.com/ingredients_100x100/dry-milk.jpg,
1002024,dry mustard,https://img.spoonacular.com/ingredients_100x100/dry-mustard.jpg,
14097,dry red wine,https://img.spoonacular.com/ingredients_100x100/dry-red-wine.jpg,
16090,dry roasted peanuts,https://img.spoonacular.com/ingredients_100x100/dry-roasted-peanuts.jpg,
4574,duck fat,https://img.spoonacular.com/ingredients_100x100/duck-fat.jpg,
10019165,dutch process cocoa powder,https://img.spoonacular.com/ingredients_100x100/dutch-process-cocoa-powder.jpg,
11212,edamame,https://img.spoonacular.com/ingredients_100x100/edamame.jpg,
1226,egg substitute,https://img.spoonacular.com/ingredients_100x100/egg-substitute.jpg,
20409,egg vermicelli,https://img.spoonacular.com/ingredients_100x100/egg-vermicelli.jpg,
1124,egg whites,https://img.spoonacular.com/ingredients_100x100/egg-whites.jpg,
1125,egg yolk,https://img.spoonacular.com/ingredients_100x100/egg-yolk.jpg,
1057,eggnog,https://img.spoonacular.com/ingredients_100x100/eggnog.jpg,
11209,eggplant,https://img.spoonacular.com/ingredients_100x100/eggplant.jpg,
10120499,elbow macaroni,https://img.spoonacular.com/ingredients_100x100/elbow-macaroni.jpg,
6599,enchilada sauce,https://img.spoonacular.com/ingredients_100x100/enchilada-sauce.jpg,
10111205,english cucumber,https://img.spoonacular.com/ingredients_100x100/english-cucumber.jpg,
18439,english muffin,https://img.spoonacular.com/ingredients_100x100/english-muffin.jpg,
98887,erythritol,https://img.spoonacular.com/ingredients_100x100/erythritol.jpg,
11213,escarole,https://img.spoonacular.com/ingredients_100x100/escarole.jpg,
14210,espresso,https://img.spoonacular.com/ingredients_100x100/espresso.jpg,
1214,evaporated milk,https://img.spoonacular.com/ingredients_100x100/evaporated-milk.jpg,
16163,extra firm tofu,https://img.spoonacular.com/ingredients_100x100/extra-firm-tofu.jpg,
1034053,extra virgin olive oil,https://img.spoonacular.com/ingredients_100x100/extra-virgin-olive-oil.jpg,
10120420,farfalle,https://img.spoonacular.com/ingredients_100x100/farfalle.jpg,
10020005,farro,https://img.spoonacular.com/ingredients_100x100/farro.jpg,
42193,fat free mayo,https://img.spoonacular.com/ingredients_100x100/fat-free-mayo.jpg,
6984,fat-free less-sodium chicken broth,https://img.spoonacular.com/ingredients_100x100/fat-free-less-sodium-chicken-broth.jpg,
11957,fennel,https://img.spoonacular.com/ingredients_100x100/fennel.jpg,
2018,fennel seeds,https://img.spoonacular.com/ingredients_100x100/fennel-seeds.jpg,
98963,fenugreek leaf,https://img.spoonacular.com/ingredients_100x100/fenugreek-leaf.jpg,
2019,fenugreek seeds,https://img.spoonacular.com/ingredients_100x100/fenugreek-seeds.jpg,
1019,feta cheese,https://img.spoonacular.com/ingredients_100x100/feta-cheese.jpg,
10020409,fettuccine,https://img.spoonacular.com/ingredients_100x100/fettuccine.jpg,
98849,fire roasted tomatoes,https://img.spoonacular.com/ingredients_100x100/fire-roasted-tomatoes.jpg,
10115261,fish,https://img.spoonacular.com/ingredients_100x100/fish.jpg,TRUE
6179,fish sauce,https://img.spoonacular.com/ingredients_100x100/fish-sauce.jpg,
6963,fish stock,https://img.spoonacular.com/ingredients_100x100/fish-stock.jpg,
23657,flank steak,https://img.spoonacular.com/ingredients_100x100/flank-steak.jpg,
10012220,flax seeds,https://img.spoonacular.com/ingredients_100x100/flax-seeds.jpg,
1022047,fleur de sel,https://img.spoonacular.com/ingredients_100x100/fleur-de-sel.jpg,
20081,flour,https://img.spoonacular.com/ingredients_100x100/flour.jpg,
10218364,flour tortillas,https://img.spoonacular.com/ingredients_100x100/flour-tortillas.jpg,
1020,fontina cheese,https://img.spoonacular.com/ingredients_100x100/fontina-cheese.jpg,
10711111,food dye,https://img.spoonacular.com/ingredients_100x100/food-dye.jpg,
98878,frank's redhot sauce,https://img.spoonacular.com/ingredients_100x100/frank's-redhot-sauce.jpg,
1123,free range eggs,https://img.spoonacular.com/ingredients_100x100/free-range-eggs.jpg,
18029,french bread,https://img.spoonacular.com/ingredients_100x100/french-bread.jpg,
2044,fresh basil,https://img.spoonacular.com/ingredients_100x100/fresh-basil.jpg,
11043,fresh bean sprouts,https://img.spoonacular.com/ingredients_100x100/fresh-bean-sprouts.jpg,
11156,fresh chives,https://img.spoonacular.com/ingredients_100x100/fresh-chives.jpg,
11167,fresh corn,https://img.spoonacular.com/ingredients_100x100/fresh-corn.jpg,
10011167,fresh corn kernels,https://img.spoonacular.com/ingredients_100x100/fresh-corn-kernels.jpg,
9089,fresh figs,https://img.spoonacular.com/ingredients_100x100/fresh-figs.jpg,
9431,fresh fruit,https://img.spoonacular.com/ingredients_100x100/fresh-fruit.jpg,
10111297,fresh herbs,https://img.spoonacular.com/ingredients_100x100/fresh-herbs.jpg,
2064,fresh mint,https://img.spoonacular.com/ingredients_100x100/fresh-mint.jpg,
1026,fresh mozzarella,https://img.spoonacular.com/ingredients_100x100/fresh-mozzarella.jpg,
2063,fresh rosemary,https://img.spoonacular.com/ingredients_100x100/fresh-rosemary.jpg,
2049,fresh thyme leaves,https://img.spoonacular.com/ingredients_100x100/fresh-thyme-leaves.jpg,
93709,fried onions,https://img.spoonacular.com/ingredients_100x100/fried-onions.jpg,
19230,frosting,https://img.spoonacular.com/ingredients_100x100/frosting.jpg,
93629,froyo bars,https://img.spoonacular.com/ingredients_100x100/froyo-bars.jpg,
11913,frozen corn,https://img.spoonacular.com/ingredients_100x100/frozen-corn.jpg,
11463,frozen spinach,https://img.spoonacular.com/ingredients_100x100/frozen-spinach.jpg,
19100,fudge,https://img.spoonacular.com/ingredients_100x100/fudge.jpg,
10019348,fudge topping,https://img.spoonacular.com/ingredients_100x100/fudge-topping.jpg,
19065,fun size almond joy bar,https://img.spoonacular.com/ingredients_100x100/fun-size-almond-joy-bar.jpg,
93663,garam masala,https://img.spoonacular.com/ingredients_100x100/garam-masala.jpg,
16157,garbanzo bean flour,https://img.spoonacular.com/ingredients_100x100/garbanzo-bean-flour.jpg,
11215,garlic,https://img.spoonacular.com/ingredients_100x100/garlic.jpg,TRUE
10111215,garlic paste,https://img.spoonacular.com/ingredients_100x100/garlic-paste.jpg,
1022020,garlic powder,https://img.spoonacular.com/ingredients_100x100/garlic-powder.jpg,
2020,garlic powder,https://img.spoonacular.com/ingredients_100x100/garlic-powder.jpg,
1062047,garlic salt,https://img.spoonacular.com/ingredients_100x100/garlic-salt.jpg,
19177,gelatin,https://img.spoonacular.com/ingredients_100x100/gelatin.jpg,
99040,gf chocolate cake mix,https://img.spoonacular.com/ingredients_100x100/gf-chocolate-cake-mix.jpg,
10514037,gin,https://img.spoonacular.com/ingredients_100x100/gin.jpg,
11216,ginger,https://img.spoonacular.com/ingredients_100x100/ginger.jpg,TRUE
14136,ginger ale,https://img.spoonacular.com/ingredients_100x100/ginger-ale.jpg,
93754,ginger paste,https://img.spoonacular.com/ingredients_100x100/ginger-paste.jpg,
10093754,ginger-garlic paste,https://img.spoonacular.com/ingredients_100x100/ginger-garlic-paste.jpg,
18172,gingersnap cookies,https://img.spoonacular.com/ingredients_100x100/gingersnap-cookies.jpg,
98853,gnocchi,https://img.spoonacular.com/ingredients_100x100/gnocchi.jpg,
1159,goat cheese,https://img.spoonacular.com/ingredients_100x100/goat-cheese.jpg,
9297,golden raisins,https://img.spoonacular.com/ingredients_100x100/golden-raisins.jpg,
1011004,gorgonzola,https://img.spoonacular.com/ingredients_100x100/gorgonzola.jpg,
1022,gouda cheese,https://img.spoonacular.com/ingredients_100x100/gouda-cheese.jpg,
10018617,graham cracker crumbs,https://img.spoonacular.com/ingredients_100x100/graham-cracker-crumbs.jpg,
18942,graham cracker pie crust,https://img.spoonacular.com/ingredients_100x100/graham-cracker-pie-crust.jpg,
18617,graham crackers,https://img.spoonacular.com/ingredients_100x100/graham-crackers.jpg,
10020088,grain blend,https://img.spoonacular.com/ingredients_100x100/grain-blend.jpg,
10314534,grand marnier,https://img.spoonacular.com/ingredients_100x100/grand-marnier.jpg,
1089003,granny smith apples,https://img.spoonacular.com/ingredients_100x100/granny-smith-apples.jpg,
8212,granola,https://img.spoonacular.com/ingredients_100x100/granola.jpg,
1002020,granulated garlic,https://img.spoonacular.com/ingredients_100x100/granulated-garlic.jpg,
10111529,grape tomatoes,https://img.spoonacular.com/ingredients_100x100/grape-tomatoes.jpg,
9112,grapefruit,https://img.spoonacular.com/ingredients_100x100/grapefruit.jpg,
4517,grapeseed oil,https://img.spoonacular.com/ingredients_100x100/grapeseed-oil.jpg,
6997,gravy,https://img.spoonacular.com/ingredients_100x100/gravy.jpg,
16025,great northern beans,https://img.spoonacular.com/ingredients_100x100/great-northern-beans.jpg,
1256,greek yogurt,https://img.spoonacular.com/ingredients_100x100/greek-yogurt.jpg,
11052,green beans,https://img.spoonacular.com/ingredients_100x100/green-beans.jpg,
11333,green bell pepper,https://img.spoonacular.com/ingredients_100x100/green-bell-pepper.jpg,
31015,green chili pepper,https://img.spoonacular.com/ingredients_100x100/green-chili-pepper.jpg,
1441111,green food coloring,https://img.spoonacular.com/ingredients_100x100/green-food-coloring.jpg,
1019132,green grapes,https://img.spoonacular.com/ingredients_100x100/grapes.jpg,
1029195,green olives,https://img.spoonacular.com/ingredients_100x100/green-olives.jpg,
11291,green onions,https://img.spoonacular.com/ingredients_100x100/green-onions.jpg,
21052,greens,https://img.spoonacular.com/ingredients_100x100/greens.jpg,
10093624,grill cheese,https://img.spoonacular.com/ingredients_100x100/grill-cheese.jpg,
1022034,grill seasoning,https://img.spoonacular.com/ingredients_100x100/grill-seasoning.jpg,
2001,ground allspice,https://img.spoonacular.com/ingredients_100x100/ground-allspice.jpg,
1022009,ground ancho chili,https://img.spoonacular.com/ingredients_100x100/ground-ancho-chili.jpg,
10023572,ground beef,https://img.spoonacular.com/ingredients_100x100/ground-beef.jpg,
5332,ground chicken,https://img.spoonacular.com/ingredients_100x100/ground-chicken.jpg,
1052009,ground chipotle chile pepper,https://img.spoonacular.com/ingredients_100x100/ground-chipotle-chile-pepper.jpg,
1012010,ground cinnamon,https://img.spoonacular.com/ingredients_100x100/ground-cinnamon.jpg,
2010,ground cinnamon,https://img.spoonacular.com/ingredients_100x100/ground-cinnamon.jpg,
2011,ground cloves,https://img.spoonacular.com/ingredients_100x100/ground-cloves.jpg,
1002013,ground coriander seeds,https://img.spoonacular.com/ingredients_100x100/ground-coriander-seeds.jpg,
1002014,ground cumin,https://img.spoonacular.com/ingredients_100x100/ground-cumin.jpg,
12220,ground flaxseed,https://img.spoonacular.com/ingredients_100x100/ground-flaxseed.jpg,
2021,ground ginger,https://img.spoonacular.com/ingredients_100x100/ground-ginger.jpg,
17224,ground lamb,https://img.spoonacular.com/ingredients_100x100/ground-lamb.jpg,
2022,ground mace,https://img.spoonacular.com/ingredients_100x100/ground-mace.jpg,
2025,ground nutmeg,https://img.spoonacular.com/ingredients_100x100/ground-nutmeg.jpg,
10219,ground pork,https://img.spoonacular.com/ingredients_100x100/ground-pork.jpg,
7063,ground pork sausage,https://img.spoonacular.com/ingredients_100x100/ground-pork-sausage.jpg,
17142,ground veal,https://img.spoonacular.com/ingredients_100x100/ground-veal.jpg,
1023,gruyere,https://img.spoonacular.com/ingredients_100x100/gruyere.jpg,
1009037,guacamole,https://img.spoonacular.com/ingredients_100x100/guacamole.jpg,
1049,half n half,https://img.spoonacular.com/ingredients_100x100/half-n-half.jpg,
15036,halibut fillet,https://img.spoonacular.com/ingredients_100x100/halibut-fillet.jpg,
10151,ham,https://img.spoonacular.com/ingredients_100x100/ham.jpg,
18350,hamburger buns,https://img.spoonacular.com/ingredients_100x100/hamburger-buns.jpg,
1129,hard cooked eggs,https://img.spoonacular.com/ingredients_100x100/hard-cooked-eggs.jpg,
1006972,harissa,https://img.spoonacular.com/ingredients_100x100/harissa.jpg,
11390,hash brown potatoes,https://img.spoonacular.com/ingredients_100x100/hash-brown-potatoes.jpg,
12120,hazelnuts,https://img.spoonacular.com/ingredients_100x100/hazelnuts.jpg,TRUE
6987,healthy request cream of celery soup,https://img.spoonacular.com/ingredients_100x100/healthy-request-cream-of-celery-soup.jpg,
93602,hemp seeds,https://img.spoonacular.com/ingredients_100x100/hemp-seeds.jpg,
1012042,herbes de provence,https://img.spoonacular.com/ingredients_100x100/herbes-de-provence.jpg,
1002044,herbs,https://img.spoonacular.com/ingredients_100x100/herbs.jpg,
93743,hershey's kisses brand milk chocolates,https://img.spoonacular.com/ingredients_100x100/hershey's-kisses-brand-milk-chocolates.jpg,
6175,hoisin sauce,https://img.spoonacular.com/ingredients_100x100/hoisin-sauce.jpg,
99227,honey mustard,https://img.spoonacular.com/ingredients_100x100/honey-mustard.jpg,
1002055,horseradish,https://img.spoonacular.com/ingredients_100x100/horseradish.jpg,
6168,hot sauce,https://img.spoonacular.com/ingredients_100x100/hot-sauce.jpg,
16158,hummus,https://img.spoonacular.com/ingredients_100x100/hummus.jpg,
10014412,ice,https://img.spoonacular.com/ingredients_100x100/ice.jpg,
19095,ice cream,https://img.spoonacular.com/ingredients_100x100/ice-cream.jpg,
19184,instant chocolate pudding mix,https://img.spoonacular.com/ingredients_100x100/instant-chocolate-pudding-mix.jpg,
14214,instant coffee powder,https://img.spoonacular.com/ingredients_100x100/instant-coffee-powder.jpg,
10014214,instant espresso powder,https://img.spoonacular.com/ingredients_100x100/instant-espresso-powder.jpg,
19332,instant lemon pudding mix,https://img.spoonacular.com/ingredients_100x100/instant-lemon-pudding-mix.jpg,
10118375,instant yeast,https://img.spoonacular.com/ingredients_100x100/instant-yeast.jpg,
93764,irish cream,https://img.spoonacular.com/ingredients_100x100/irish-cream.jpg,
10028033,italian bread,https://img.spoonacular.com/ingredients_100x100/italian-bread.jpg,
93651,italian cheese blend,https://img.spoonacular.com/ingredients_100x100/italian-cheese-blend.jpg,
7036,italian sausages,https://img.spoonacular.com/ingredients_100x100/italian-sausages.jpg,
1022027,italian seasoning,https://img.spoonacular.com/ingredients_100x100/italian-seasoning.jpg,
99002,jaggery,https://img.spoonacular.com/ingredients_100x100/jaggery.jpg,
11979,jalapeno,https://img.spoonacular.com/ingredients_100x100/jalapeno.jpg,
10120444,jasmine rice,https://img.spoonacular.com/ingredients_100x100/jasmine-rice.jpg,
19297,jelly,https://img.spoonacular.com/ingredients_100x100/jelly.jpg,
11603,jicama,https://img.spoonacular.com/ingredients_100x100/jicama.jpg,
93645,jimmies,https://img.spoonacular.com/ingredients_100x100/jimmies.jpg,
1019016,juice,https://img.spoonacular.com/ingredients_100x100/juice.jpg,
10520420,jumbo shell pasta,https://img.spoonacular.com/ingredients_100x100/jumbo-shell-pasta.jpg,
93633,kaffir lime leaves,https://img.spoonacular.com/ingredients_100x100/kaffir-lime-leaves.jpg,
93716,kahlua,https://img.spoonacular.com/ingredients_100x100/kahlua.jpg,
1009195,kalamata olives,https://img.spoonacular.com/ingredients_100x100/kalamata-olives.jpg,
11233,kale,https://img.spoonacular.com/ingredients_100x100/kale.jpg,
11935,ketchup,https://img.spoonacular.com/ingredients_100x100/ketchup.jpg,
93768,kitchen bouquet,https://img.spoonacular.com/ingredients_100x100/kitchen-bouquet.jpg,
9148,kiwis,https://img.spoonacular.com/ingredients_100x100/kiwis.jpg,
1082047,kosher salt,https://img.spoonacular.com/ingredients_100x100/kosher-salt.jpg,
18423,ladyfingers,https://img.spoonacular.com/ingredients_100x100/ladyfingers.jpg,
10017224,lamb,https://img.spoonacular.com/ingredients_100x100/lamb.jpg,
10620420,lasagna noodles,https://img.spoonacular.com/ingredients_100x100/lasagna-noodles.jpg,
18133,lb cake,https://img.spoonacular.com/ingredients_100x100/lb-cake.jpg,
23557,lean ground beef,https://img.spoonacular.com/ingredients_100x100/lean-ground-beef.jpg,
5662,lean ground turkey,https://img.spoonacular.com/ingredients_100x100/lean-ground-turkey.jpg,
10060,lean pork tenderloin,https://img.spoonacular.com/ingredients_100x100/lean-pork-tenderloin.jpg,
11246,leeks,https://img.spoonacular.com/ingredients_100x100/leeks.jpg,
17013,leg of lamb,https://img.spoonacular.com/ingredients_100x100/leg-of-lamb.jpg,
9150,lemon,https://img.spoonacular.com/ingredients_100x100/lemon.jpg,TRUE
93834,lemon curd,https://img.spoonacular.com/ingredients_100x100/lemon-curd.jpg,
12311111,lemon extract,https://img.spoonacular.com/ingredients_100x100/lemon-extract.jpg,
9152,lemon juice,https://img.spoonacular.com/ingredients_100x100/lemon-juice.jpg,
9156,lemon peel,https://img.spoonacular.com/ingredients_100x100/lemon-peel.jpg,
1012030,lemon pepper,https://img.spoonacular.com/ingredients_100x100/lemon-pepper.jpg,
1029150,lemon wedges,https://img.spoonacular.com/ingredients_100x100/lemon-wedges.jpg,
11972,lemongrass,https://img.spoonacular.com/ingredients_100x100/lemongrass.jpg,
11252,lettuce,https://img.spoonacular.com/ingredients_100x100/lettuce.jpg,
93623,lettuce leaves,https://img.spoonacular.com/ingredients_100x100/lettuce-leaves.jpg,
4602,light butter,https://img.spoonacular.com/ingredients_100x100/light-butter.jpg,
99009,light coconut milk,https://img.spoonacular.com/ingredients_100x100/light-coconut-milk.jpg,
19350,light corn syrup,https://img.spoonacular.com/ingredients_100x100/light-corn-syrup.jpg,
43274,light cream cheese,https://img.spoonacular.com/ingredients_100x100/light-cream-cheese.jpg,
4641,light mayonnaise,https://img.spoonacular.com/ingredients_100x100/light-mayonnaise.jpg,
1054053,light olive oil,https://img.spoonacular.com/ingredients_100x100/light-olive-oil.jpg,
10216124,light soy sauce,https://img.spoonacular.com/ingredients_100x100/light-soy-sauce.jpg,
9159,lime,https://img.spoonacular.com/ingredients_100x100/lime.jpg,TRUE
9160,lime juice,https://img.spoonacular.com/ingredients_100x100/lime-juice.jpg,
1029159,lime wedges,https://img.spoonacular.com/ingredients_100x100/lime-wedges.jpg,
1009159,lime zest,https://img.spoonacular.com/ingredients_100x100/lime-zest.jpg,
10720420,linguine,https://img.spoonacular.com/ingredients_100x100/linguine.jpg,
93627,liquid smoke,https://img.spoonacular.com/ingredients_100x100/liquid-smoke.jpg,
10811111,liquid stevia,https://img.spoonacular.com/ingredients_100x100/liquid-stevia.jpg,
14037,liquor,https://img.spoonacular.com/ingredients_100x100/liquor.jpg,
15147,live lobster,https://img.spoonacular.com/ingredients_100x100/live-lobster.jpg,
10220444,long-grain rice,https://img.spoonacular.com/ingredients_100x100/long-grain-rice.jpg,
1088,low fat buttermilk,https://img.spoonacular.com/ingredients_100x100/low-fat-buttermilk.jpg,
1082,low fat milk,https://img.spoonacular.com/ingredients_100x100/low-fat-milk.jpg,
1174,low fat milk,https://img.spoonacular.com/ingredients_100x100/low-fat-milk.jpg,
1117,low fat plain yogurt,https://img.spoonacular.com/ingredients_100x100/low-fat-plain-yogurt.jpg,
1037,low fat ricotta cheese,https://img.spoonacular.com/ingredients_100x100/low-fat-ricotta-cheese.jpg,
1179,low fat sour cream,https://img.spoonacular.com/ingredients_100x100/low-fat-sour-cream.jpg,
6970,low sodium chicken broth,https://img.spoonacular.com/ingredients_100x100/low-sodium-chicken-broth.jpg,
16424,low sodium soy sauce,https://img.spoonacular.com/ingredients_100x100/low-sodium-soy-sauce.jpg,
1006970,low-sodium chicken stock,https://img.spoonacular.com/ingredients_100x100/low-sodium-chicken-stock.jpg,
10093741,lower sodium beef broth,https://img.spoonacular.com/ingredients_100x100/lower-sodium-beef-broth.jpg,
10115136,lump crab,https://img.spoonacular.com/ingredients_100x100/lump-crab.jpg,
19157,m&m candies,https://img.spoonacular.com/ingredients_100x100/m&m-candies.jpg,
12131,macadamia nuts,https://img.spoonacular.com/ingredients_100x100/macadamia-nuts.jpg,
32004,macaroni and cheese mix,https://img.spoonacular.com/ingredients_100x100/macaroni-and-cheese-mix.jpg,
2015,madras curry powder,https://img.spoonacular.com/ingredients_100x100/madras-curry-powder.jpg,
14311,malt drink mix,https://img.spoonacular.com/ingredients_100x100/malt-drink-mix.jpg,
9383,mandarin orange sections,https://img.spoonacular.com/ingredients_100x100/mandarin-orange-sections.jpg,
9218,mandarin oranges,https://img.spoonacular.com/ingredients_100x100/mandarin-oranges.jpg,
9176,mango,https://img.spoonacular.com/ingredients_100x100/mango.jpg,
19911,maple syrup,https://img.spoonacular.com/ingredients_100x100/maple-syrup.jpg,
9328,maraschino cherries,https://img.spoonacular.com/ingredients_100x100/maraschino-cherries.jpg,
4073,margarine,https://img.spoonacular.com/ingredients_100x100/margarine.jpg,
10111549,marinara sauce,https://img.spoonacular.com/ingredients_100x100/marinara-sauce.jpg,
2023,marjoram,https://img.spoonacular.com/ingredients_100x100/marjoram.jpg,
14057,marsala wine,https://img.spoonacular.com/ingredients_100x100/marsala-wine.jpg,
93644,marshmallow fluff,https://img.spoonacular.com/ingredients_100x100/marshmallow-fluff.jpg,
19116,marshmallows,https://img.spoonacular.com/ingredients_100x100/marshmallows.jpg,
20317,masa harina,https://img.spoonacular.com/ingredients_100x100/masa-harina.jpg,
93820,mascarpone,https://img.spoonacular.com/ingredients_100x100/mascarpone.jpg,
99144,mat beans,https://img.spoonacular.com/ingredients_100x100/mat-beans.jpg,
98932,matcha tea,https://img.spoonacular.com/ingredients_100x100/matcha-tea.jpg,
4025,mayonnaise,https://img.spoonacular.com/ingredients_100x100/mayonnaise.jpg,
1015006,meat,https://img.spoonacular.com/ingredients_100x100/meat.jpg,
1065062,meat,https://img.spoonacular.com/ingredients_100x100/meat.jpg,
10110219,meatballs,https://img.spoonacular.com/ingredients_100x100/meatballs.jpg,
9421,medjool dates,https://img.spoonacular.com/ingredients_100x100/medjool-dates.jpg,
93772,mexican cream,https://img.spoonacular.com/ingredients_100x100/mexican-cream.jpg,
1009152,meyer lemon juice,https://img.spoonacular.com/ingredients_100x100/meyer-lemon-juice.jpg,
1077,milk,https://img.spoonacular.com/ingredients_100x100/milk.jpg,
10019146,milk chocolate chips,https://img.spoonacular.com/ingredients_100x100/milk-chocolate-chips.jpg,
98991,mint chutney,https://img.spoonacular.com/ingredients_100x100/mint-chutney.jpg,
20048,minute rice,https://img.spoonacular.com/ingredients_100x100/minute-rice.jpg,
4014,miracle whip,https://img.spoonacular.com/ingredients_100x100/miracle-whip.jpg,
93830,mirin,https://img.spoonacular.com/ingredients_100x100/mirin.jpg,
16112,miso,https://img.spoonacular.com/ingredients_100x100/miso.jpg,
19304,molasses,https://img.spoonacular.com/ingredients_100x100/molasses.jpg,
1001025,monterey jack cheese,https://img.spoonacular.com/ingredients_100x100/monterey-jack-cheese.jpg,
11260,mushroom,https://img.spoonacular.com/ingredients_100x100/mushroom.jpg,
15164,mussels,https://img.spoonacular.com/ingredients_100x100/mussels.jpg,
2046,mustard,https://img.spoonacular.com/ingredients_100x100/mustard.jpg,TRUE
2024,mustard seeds,https://img.spoonacular.com/ingredients_100x100/mustard-seeds.jpg,
11119,napa cabbage,https://img.spoonacular.com/ingredients_100x100/napa-cabbage.jpg,
9202,navel oranges,https://img.spoonacular.com/ingredients_100x100/navel-oranges.jpg,
9191,nectarine,https://img.spoonacular.com/ingredients_100x100/nectarine.jpg,
11352,new potatoes,https://img.spoonacular.com/ingredients_100x100/new-potatoes.jpg,
1011256,non-fat greek yogurt,https://img.spoonacular.com/ingredients_100x100/non-fat-greek-yogurt.jpg,
1200,nonfat cool whip,https://img.spoonacular.com/ingredients_100x100/nonfat-cool-whip.jpg,
1085,nonfat milk,https://img.spoonacular.com/ingredients_100x100/nonfat-milk.jpg,
11446,nori,https://img.spoonacular.com/ingredients_100x100/nori.jpg,
12195,nut butter,https://img.spoonacular.com/ingredients_100x100/nut-butter.jpg,
93620,nut meal,https://img.spoonacular.com/ingredients_100x100/nut-meal.jpg,
19125,nutella,https://img.spoonacular.com/ingredients_100x100/nutella.jpg,
93690,nutritional yeast,https://img.spoonacular.com/ingredients_100x100/nutritional-yeast.jpg,
20132,oat flour,https://img.spoonacular.com/ingredients_100x100/oat-flour.jpg,
8120,oats,https://img.spoonacular.com/ingredients_100x100/oats.jpg,
4582,oil,https://img.spoonacular.com/ingredients_100x100/oil.jpg,
11956,oil packed sun dried tomatoes,https://img.spoonacular.com/ingredients_100x100/oil-packed-sun-dried-tomatoes.jpg,
11278,okra,https://img.spoonacular.com/ingredients_100x100/okra.jpg,
1052034,old bay seasoning,https://img.spoonacular.com/ingredients_100x100/old-bay-seasoning.jpg,
4053,olive oil,https://img.spoonacular.com/ingredients_100x100/olive-oil.jpg,TRUE
9195,olives,https://img.spoonacular.com/ingredients_100x100/olives.jpg,
11282,onion,https://img.spoonacular.com/ingredients_100x100/onion.jpg,TRUE
2026,onion powder,https://img.spoonacular.com/ingredients_100x100/onion-powder.jpg,
6094,onion soup mix,https://img.spoonacular.com/ingredients_100x100/onion-soup-mix.jpg,
9200,orange,https://img.spoonacular.com/ingredients_100x100/orange.jpg,TRUE
10011821,orange bell pepper,https://img.spoonacular.com/ingredients_100x100/orange-bell-pepper.jpg,
9206,orange juice,https://img.spoonacular.com/ingredients_100x100/orange-juice.jpg,
9214,orange juice concentrate,https://img.spoonacular.com/ingredients_100x100/orange-juice-concentrate.jpg,
10414534,orange liqueur,https://img.spoonacular.com/ingredients_100x100/orange-liqueur.jpg,
19303,orange marmalade,https://img.spoonacular.com/ingredients_100x100/orange-marmalade.jpg,
12511111,orange oil,https://img.spoonacular.com/ingredients_100x100/orange-oil.jpg,
9216,orange zest,https://img.spoonacular.com/ingredients_100x100/orange-zest.jpg,
2027,oregano,https://img.spoonacular.com/ingredients_100x100/oregano.jpg,
10018166,oreo cookies,https://img.spoonacular.com/ingredients_100x100/oreo-cookies.jpg,
10920420,orzo,https://img.spoonacular.com/ingredients_100x100/orzo.jpg,
6176,oyster sauce,https://img.spoonacular.com/ingredients_100x100/oyster-sauce.jpg,
15167,oysters,https://img.spoonacular.com/ingredients_100x100/oysters.jpg,
93831,palm sugar,https://img.spoonacular.com/ingredients_100x100/palm-sugar.jpg,
10410123,pancetta,https://img.spoonacular.com/ingredients_100x100/pancetta.jpg,
98847,paneer,https://img.spoonacular.com/ingredients_100x100/paneer.jpg,
10018079,panko,https://img.spoonacular.com/ingredients_100x100/panko.jpg,
9226,papaya,https://img.spoonacular.com/ingredients_100x100/papaya.jpg,
2028,paprika,https://img.spoonacular.com/ingredients_100x100/paprika.jpg,TRUE
1033,parmigiano reggiano,https://img.spoonacular.com/ingredients_100x100/parmigiano-reggiano.jpg,
11297,parsley,https://img.spoonacular.com/ingredients_100x100/parsley.jpg,
2029,parsley flakes,https://img.spoonacular.com/ingredients_100x100/parsley-flakes.jpg,
11298,parsnip,https://img.spoonacular.com/ingredients_100x100/parsnip.jpg,
1028,part-skim mozzarella cheese,https://img.spoonacular.com/ingredients_100x100/part-skim-mozzarella-cheese.jpg,
20420,pasta,https://img.spoonacular.com/ingredients_100x100/pasta.jpg,
99036,pasta salad mix,https://img.spoonacular.com/ingredients_100x100/pasta-salad-mix.jpg,
10011549,pasta sauce,https://img.spoonacular.com/ingredients_100x100/pasta-sauce.jpg,
10020080,pastry flour,https://img.spoonacular.com/ingredients_100x100/pastry-flour.jpg,
9236,peach,https://img.spoonacular.com/ingredients_100x100/peach.jpg,
16098,peanut butter,https://img.spoonacular.com/ingredients_100x100/peanut-butter.jpg,TRUE
93762,peanut butter chips,https://img.spoonacular.com/ingredients_100x100/peanut-butter-chips.jpg,
19150,peanut butter cups,https://img.spoonacular.com/ingredients_100x100/peanut-butter-cups.jpg,
4042,peanut oil,https://img.spoonacular.com/ingredients_100x100/peanut-oil.jpg,
16091,peanuts,https://img.spoonacular.com/ingredients_100x100/peanuts.jpg,
98988,pear liqueur,https://img.spoonacular.com/ingredients_100x100/pear-liqueur.jpg,
20005,pearl barley,https://img.spoonacular.com/ingredients_100x100/pearl-barley.jpg,
10111282,pearl onions,https://img.spoonacular.com/ingredients_100x100/pearl-onions.jpg,
11304,peas,https://img.spoonacular.com/ingredients_100x100/peas.jpg,
12142,pecan,https://img.spoonacular.com/ingredients_100x100/pecan.jpg,
10012142,pecan pieces,https://img.spoonacular.com/ingredients_100x100/pecan-pieces.jpg,
1038,pecorino,https://img.spoonacular.com/ingredients_100x100/pecorino.jpg,
11120420,penne,https://img.spoonacular.com/ingredients_100x100/penne.jpg,
11976,peperoncino,https://img.spoonacular.com/ingredients_100x100/peperoncino.jpg,
1025,pepper jack cheese,https://img.spoonacular.com/ingredients_100x100/pepper-jack-cheese.jpg,
1022030,peppercorns,https://img.spoonacular.com/ingredients_100x100/peppercorns.jpg,
98858,peppermint baking chips,https://img.spoonacular.com/ingredients_100x100/peppermint-baking-chips.jpg,
1022050,peppermint extract,https://img.spoonacular.com/ingredients_100x100/peppermint-extract.jpg,
7057,pepperoni,https://img.spoonacular.com/ingredients_100x100/pepperoni.jpg,TRUE
10111333,peppers,https://img.spoonacular.com/ingredients_100x100/peppers.jpg,
93698,pesto,https://img.spoonacular.com/ingredients_100x100/pesto.jpg,
11944,pickle relish,https://img.spoonacular.com/ingredients_100x100/pickle-relish.jpg,
11937,pickles,https://img.spoonacular.com/ingredients_100x100/cucumber.jpg,TRUE
27027,pico de gallo,https://img.spoonacular.com/ingredients_100x100/pico-de-gallo.jpg,
18334,pie crust,https://img.spoonacular.com/ingredients_100x100/pie-crust.jpg,
1049195,pimento stuffed olives,https://img.spoonacular.com/ingredients_100x100/pimento-stuffed-olives.jpg,
11943,pimientos,https://img.spoonacular.com/ingredients_100x100/pimientos.jpg,
12147,pine nuts,https://img.spoonacular.com/ingredients_100x100/pine-nuts.jpg,
9266,pineapple,https://img.spoonacular.com/ingredients_100x100/pineapple.jpg,
1029354,pineapple chunks,https://img.spoonacular.com/ingredients_100x100/pineapple-chunks.jpg,
9354,pineapple in juice,https://img.spoonacular.com/ingredients_100x100/pineapple-in-juice.jpg,
9273,pineapple juice,https://img.spoonacular.com/ingredients_100x100/pineapple-juice.jpg,
1032047,pink himalayan salt,https://img.spoonacular.com/ingredients_100x100/pink-himalayan-salt.jpg,
16043,pinto beans,https://img.spoonacular.com/ingredients_100x100/pinto-beans.jpg,
12151,pistachios,https://img.spoonacular.com/ingredients_100x100/pistachios.jpg,
18413,pita,https://img.spoonacular.com/ingredients_100x100/pita.jpg,
93770,pizza crust,https://img.spoonacular.com/ingredients_100x100/pizza-crust.jpg,
98924,pizza mix,https://img.spoonacular.com/ingredients_100x100/pizza-mix.jpg,
1001256,plain greek yogurt,https://img.spoonacular.com/ingredients_100x100/yogurt.jpg,
1118,plain nonfat yogurt,https://img.spoonacular.com/ingredients_100x100/plain-nonfat-yogurt.jpg,
1001116,plain yogurt,https://img.spoonacular.com/ingredients_100x100/plain-yogurt.jpg,
9277,plantain,https://img.spoonacular.com/ingredients_100x100/plantain.jpg,
9279,plum,https://img.spoonacular.com/ingredients_100x100/plum.jpg,TRUE
10411529,plum tomatoes,https://img.spoonacular.com/ingredients_100x100/plum-tomatoes.jpg,
10011333,poblano peppers,https://img.spoonacular.com/ingredients_100x100/poblano-peppers.jpg,
10035137,polenta,https://img.spoonacular.com/ingredients_100x100/polenta.jpg,
7059,polish sausage,https://img.spoonacular.com/ingredients_100x100/polish-sausage.jpg,
9442,pomegranate juice,https://img.spoonacular.com/ingredients_100x100/pomegranate-juice.jpg,
10042040,pomegranate molasses,https://img.spoonacular.com/ingredients_100x100/pomegranate-molasses.jpg,
9286,pomegranate seeds,https://img.spoonacular.com/ingredients_100x100/pomegranate-seeds.jpg,
19034,popcorn,https://img.spoonacular.com/ingredients_100x100/popcorn.jpg,
2033,poppy seeds,https://img.spoonacular.com/ingredients_100x100/poppy-seeds.jpg,
10010219,pork,https://img.spoonacular.com/ingredients_100x100/pork.jpg,
16009,Pork & Beans,https://img.spoonacular.com/ingredients_100x100/Pork-&-Beans.jpg,
10005,pork belly,https://img.spoonacular.com/ingredients_100x100/pork-belly.jpg,
10084,pork butt,https://img.spoonacular.com/ingredients_100x100/pork-butt.jpg,
10010062,pork chops,https://img.spoonacular.com/ingredients_100x100/pork-chops.jpg,
1007063,pork links,https://img.spoonacular.com/ingredients_100x100/pork-links.jpg,
10062,pork loin chops,https://img.spoonacular.com/ingredients_100x100/pork-loin-chops.jpg,
10225,pork loin roast,https://img.spoonacular.com/ingredients_100x100/pork-loin-roast.jpg,
10010225,pork roast,https://img.spoonacular.com/ingredients_100x100/pork-roast.jpg,
10072,pork shoulder,https://img.spoonacular.com/ingredients_100x100/pork-shoulder.jpg,
10218,pork tenderloin,https://img.spoonacular.com/ingredients_100x100/pork-tenderloin.jpg,
10114057,port,https://img.spoonacular.com/ingredients_100x100/port.jpg,
11265,portabella mushrooms,https://img.spoonacular.com/ingredients_100x100/portabella-mushrooms.jpg,
23612,pot roast,https://img.spoonacular.com/ingredients_100x100/pot-roast.jpg,
19411,potato chips,https://img.spoonacular.com/ingredients_100x100/potato-chips.jpg,
11413,potato starch,https://img.spoonacular.com/ingredients_100x100/potato-starch.jpg,
11362,potatoes,https://img.spoonacular.com/ingredients_100x100/potatoes.jpg,
2034,poultry seasoning,https://img.spoonacular.com/ingredients_100x100/poultry-seasoning.jpg,
19336,powdered sugar,https://img.spoonacular.com/ingredients_100x100/powdered-sugar.jpg,
19047,pretzel sandwiches,https://img.spoonacular.com/ingredients_100x100/pretzel-sandwiches.jpg,
1253,processed american cheese,https://img.spoonacular.com/ingredients_100x100/processed-american-cheese.jpg,
10010123,prosciutto,https://img.spoonacular.com/ingredients_100x100/prosciutto.jpg,
1035,provolone cheese,https://img.spoonacular.com/ingredients_100x100/provolone-cheese.jpg,
9291,prunes,https://img.spoonacular.com/ingredients_100x100/prunes.jpg,
18337,puff pastry,https://img.spoonacular.com/ingredients_100x100/puff-pastry.jpg,
11422,pumpkin,https://img.spoonacular.com/ingredients_100x100/pumpkin.jpg,
11426,pumpkin pie filling,https://img.spoonacular.com/ingredients_100x100/pumpkin-pie-filling.jpg,
1002035,pumpkin pie spice,https://img.spoonacular.com/ingredients_100x100/pumpkin-pie-spice.jpg,
11424,pumpkin puree,https://img.spoonacular.com/ingredients_100x100/pumpkin-puree.jpg,
12014,pumpkin seeds,https://img.spoonacular.com/ingredients_100x100/pumpkin-seeds.jpg,
1228,queso fresco,https://img.spoonacular.com/ingredients_100x100/queso-fresco.jpg,
8402,quick cooking oats,https://img.spoonacular.com/ingredients_100x100/quick-cooking-oats.jpg,
20035,quinoa,https://img.spoonacular.com/ingredients_100x100/quinoa.jpg,
93773,quinoa flour,https://img.spoonacular.com/ingredients_100x100/quinoa-flour.jpg,
11952,radicchio,https://img.spoonacular.com/ingredients_100x100/radicchio.jpg,
11429,radishes,https://img.spoonacular.com/ingredients_100x100/radishes.jpg,
9299,raisins,https://img.spoonacular.com/ingredients_100x100/raisins.jpg,
10193663,rajma masala,https://img.spoonacular.com/ingredients_100x100/rajma-masala.jpg,
6583,ramen noodles,https://img.spoonacular.com/ingredients_100x100/ramen-noodles.jpg,
4639,ranch dressing,https://img.spoonacular.com/ingredients_100x100/ranch-dressing.jpg,
93733,ranch dressing mix,https://img.spoonacular.com/ingredients_100x100/ranch-dressing-mix.jpg,
9302,raspberries,https://img.spoonacular.com/ingredients_100x100/raspberries.jpg,
10719297,raspberry jam,https://img.spoonacular.com/ingredients_100x100/raspberry-jam.jpg,
12087,raw cashews,https://img.spoonacular.com/ingredients_100x100/raw-cashews.jpg,
15152,raw shrimp,https://img.spoonacular.com/ingredients_100x100/raw-shrimp.jpg,
93721,ready-to-serve Asian fried rice,https://img.spoonacular.com/ingredients_100x100/ready-to-serve-Asian-fried-rice.jpg,
99229,real bacon recipe pieces,https://img.spoonacular.com/ingredients_100x100/real-bacon-recipe-pieces.jpg,
1079003,red apples,https://img.spoonacular.com/ingredients_100x100/red-apples.jpg,
11821,red bell peppers,https://img.spoonacular.com/ingredients_100x100/red-bell-peppers.jpg,
11112,red cabbage,https://img.spoonacular.com/ingredients_100x100/red-cabbage.jpg,
11819,red chilli,https://img.spoonacular.com/ingredients_100x100/red-chilli.jpg,
1059003,red delicious apples,https://img.spoonacular.com/ingredients_100x100/red-delicious-apples.jpg,
1451111,red food coloring,https://img.spoonacular.com/ingredients_100x100/red-food-coloring.jpg,
98926,red grapefruit juice,https://img.spoonacular.com/ingredients_100x100/red-grapefruit-juice.jpg,
9132,red grapes,https://img.spoonacular.com/ingredients_100x100/red-grapes.jpg,
16033,red kidney beans,https://img.spoonacular.com/ingredients_100x100/red-kidney-beans.jpg,
10016069,red lentils,https://img.spoonacular.com/ingredients_100x100/red-lentils.jpg,
10011282,red onion,https://img.spoonacular.com/ingredients_100x100/red-onion.jpg,
1032009,red pepper flakes,https://img.spoonacular.com/ingredients_100x100/red-pepper-flakes.jpg,
2031,red pepper powder,https://img.spoonacular.com/ingredients_100x100/red-pepper-powder.jpg,
10011355,red potatoes,https://img.spoonacular.com/ingredients_100x100/red-potatoes.jpg,
18157,red velvet cookie,https://img.spoonacular.com/ingredients_100x100/red-velvet-cookie.jpg,
14096,red wine,https://img.spoonacular.com/ingredients_100x100/red-wine.jpg,
1022068,red wine vinegar,https://img.spoonacular.com/ingredients_100x100/red-wine-vinegar.jpg,
1001168,reduced fat shredded cheddar cheese,https://img.spoonacular.com/ingredients_100x100/reduced-fat-shredded-cheddar-cheese.jpg,
16202,refried beans,https://img.spoonacular.com/ingredients_100x100/refried-beans.jpg,
93618,refrigerated crescent rolls,https://img.spoonacular.com/ingredients_100x100/refrigerated-crescent-rolls.jpg,
93610,refrigerated pizza dough,https://img.spoonacular.com/ingredients_100x100/refrigerated-pizza-dough.jpg,
18205,refrigerated sugar cookie dough,https://img.spoonacular.com/ingredients_100x100/refrigerated-sugar-cookie-dough.jpg,
9307,rhubarb,https://img.spoonacular.com/ingredients_100x100/rhubarb.jpg,
98937,rib tips,https://img.spoonacular.com/ingredients_100x100/rib-tips.jpg,
20444,rice,https://img.spoonacular.com/ingredients_100x100/rice.jpg,
20061,rice flour,https://img.spoonacular.com/ingredients_100x100/rice-flour.jpg,
8065,rice krispies cereal,https://img.spoonacular.com/ingredients_100x100/rice-krispies-cereal.jpg,
93761,rice milk,https://img.spoonacular.com/ingredients_100x100/rice-milk.jpg,
20133,rice noodles,https://img.spoonacular.com/ingredients_100x100/rice-noodles.jpg,
10118368,rice paper,https://img.spoonacular.com/ingredients_100x100/rice-paper.jpg,
93784,rice syrup,https://img.spoonacular.com/ingredients_100x100/rice-syrup.jpg,
1022053,rice vinegar,https://img.spoonacular.com/ingredients_100x100/rice-vinegar.jpg,
43479,rice wine,https://img.spoonacular.com/ingredients_100x100/rice-wine.jpg,
1036,ricotta salata,https://img.spoonacular.com/ingredients_100x100/ricotta-salata.jpg,
18621,ritz crackers,https://img.spoonacular.com/ingredients_100x100/ritz-crackers.jpg,
93713,roast beef,https://img.spoonacular.com/ingredients_100x100/roast-beef.jpg,
5114,roasted chicken,https://img.spoonacular.com/ingredients_100x100/roasted-chicken.jpg,
12135,roasted nuts,https://img.spoonacular.com/ingredients_100x100/roasted-nuts.jpg,
16092,roasted peanuts,https://img.spoonacular.com/ingredients_100x100/roasted-peanuts.jpg,
11916,roasted red peppers,https://img.spoonacular.com/ingredients_100x100/roasted-red-peppers.jpg,
10211529,roma tomatoes,https://img.spoonacular.com/ingredients_100x100/roma-tomatoes.jpg,
10111251,romaine lettuce,https://img.spoonacular.com/ingredients_100x100/romaine-lettuce.jpg,
10011298,root vegetables,https://img.spoonacular.com/ingredients_100x100/root-vegetables.jpg,
2036,rosemary,https://img.spoonacular.com/ingredients_100x100/rosemary.jpg,
11320420,rotini pasta,https://img.spoonacular.com/ingredients_100x100/rotini-pasta.jpg,
5348,rotisserie chicken,https://img.spoonacular.com/ingredients_100x100/rotisserie-chicken.jpg,
23617,round steak,https://img.spoonacular.com/ingredients_100x100/round-steak.jpg,
1012034,rub,https://img.spoonacular.com/ingredients_100x100/rub.jpg,
12211111,rum extract,https://img.spoonacular.com/ingredients_100x100/rum-extract.jpg,
19296,runny honey,https://img.spoonacular.com/ingredients_100x100/runny-honey.jpg,
11353,russet potatoes,https://img.spoonacular.com/ingredients_100x100/russet-potatoes.jpg,
11435,rutabaga,https://img.spoonacular.com/ingredients_100x100/rutabaga.jpg,
18060,rye bread,https://img.spoonacular.com/ingredients_100x100/rye-bread.jpg,
98905,rye meal,https://img.spoonacular.com/ingredients_100x100/rye-meal.jpg,
2037,saffron threads,https://img.spoonacular.com/ingredients_100x100/saffron-threads.jpg,
2038,sage,https://img.spoonacular.com/ingredients_100x100/sage.jpg,
99226,sage leaves,https://img.spoonacular.com/ingredients_100x100/sage-leaves.jpg,
4114,salad dressing,https://img.spoonacular.com/ingredients_100x100/salad-dressing.jpg,
7071,salami,https://img.spoonacular.com/ingredients_100x100/salami.jpg,
15076,salmon fillet,https://img.spoonacular.com/ingredients_100x100/salmon-fillet.jpg,
6164,salsa,https://img.spoonacular.com/ingredients_100x100/salsa.jpg,
27028,salsa verde,https://img.spoonacular.com/ingredients_100x100/salsa-verde.jpg,
2047,salt,https://img.spoonacular.com/ingredients_100x100/salt.jpg,
1102047,salt and pepper,https://img.spoonacular.com/ingredients_100x100/salt-and-pepper.jpg,
1001001,salted butter,https://img.spoonacular.com/ingredients_100x100/salted-butter.jpg,
18228,saltine crackers,https://img.spoonacular.com/ingredients_100x100/saltine-crackers.jpg,
18353,sandwich bun,https://img.spoonacular.com/ingredients_100x100/sandwich-bun.jpg,
11439,sauerkraut,https://img.spoonacular.com/ingredients_100x100/sauerkraut.jpg,
1017063,sausage,https://img.spoonacular.com/ingredients_100x100/sausage.jpg,
1037063,sausage links,https://img.spoonacular.com/ingredients_100x100/sausage-links.jpg,
10011819,scotch bonnet chili,https://img.spoonacular.com/ingredients_100x100/scotch-bonnet-chili.jpg,
1012047,sea salt,https://img.spoonacular.com/ingredients_100x100/sea-salt.jpg,
10015172,sea scallops,https://img.spoonacular.com/ingredients_100x100/sea-scallops.jpg,
18376,seasoned bread crumbs,https://img.spoonacular.com/ingredients_100x100/seasoned-bread-crumbs.jpg,
1032053,seasoned rice vinegar,https://img.spoonacular.com/ingredients_100x100/seasoned-rice-vinegar.jpg,
1042047,seasoned salt,https://img.spoonacular.com/ingredients_100x100/seasoned-salt.jpg,
1042027,seasoning,https://img.spoonacular.com/ingredients_100x100/seasoning.jpg,
1032027,seasoning blend,https://img.spoonacular.com/ingredients_100x100/seasoning-blend.jpg,
93818,seeds,https://img.spoonacular.com/ingredients_100x100/seeds.jpg,
20129,self-rising flour,https://img.spoonacular.com/ingredients_100x100/self-rising-flour.jpg,
10019903,semi sweet chocolate chips,https://img.spoonacular.com/ingredients_100x100/semi-sweet-chocolate-chips.jpg,
11977,serrano chile,https://img.spoonacular.com/ingredients_100x100/serrano-chile.jpg,
4058,sesame oil,https://img.spoonacular.com/ingredients_100x100/sesame-oil.jpg,
10018350,sesame seed hamburger buns,https://img.spoonacular.com/ingredients_100x100/sesame-seed-hamburger-buns.jpg,
12023,sesame seeds,https://img.spoonacular.com/ingredients_100x100/sesame-seeds.jpg,
11677,shallot,https://img.spoonacular.com/ingredients_100x100/shallot.jpg,
1031009,sharp cheddar cheese,https://img.spoonacular.com/ingredients_100x100/sharp-cheddar-cheese.jpg,
1011019,sheeps milk cheese,https://img.spoonacular.com/ingredients_100x100/sheeps-milk-cheese.jpg,
11020420,shells,https://img.spoonacular.com/ingredients_100x100/shells.jpg,
10114106,sherry,https://img.spoonacular.com/ingredients_100x100/sherry.jpg,
10214106,sherry,https://img.spoonacular.com/ingredients_100x100/sherry.jpg,
1012068,sherry vinegar,https://img.spoonacular.com/ingredients_100x100/sherry-vinegar.jpg,
11238,shiitake mushroom caps,https://img.spoonacular.com/ingredients_100x100/shiitake-mushroom-caps.jpg,
10120052,short grain rice,https://img.spoonacular.com/ingredients_100x100/short-grain-rice.jpg,
20499,short pasta,https://img.spoonacular.com/ingredients_100x100/short-pasta.jpg,
10013149,short ribs,https://img.spoonacular.com/ingredients_100x100/short-ribs.jpg,
18192,shortbread cookies,https://img.spoonacular.com/ingredients_100x100/shortbread-cookies.jpg,
10018338,shortcrust pastry,https://img.spoonacular.com/ingredients_100x100/shortcrust-pastry.jpg,
4615,shortening,https://img.spoonacular.com/ingredients_100x100/shortening.jpg,
1001009,shredded cheddar cheese,https://img.spoonacular.com/ingredients_100x100/shredded-cheddar-cheese.jpg,
1011026,shredded cheese,https://img.spoonacular.com/ingredients_100x100/shredded-cheese.jpg,
1005114,shredded chicken,https://img.spoonacular.com/ingredients_100x100/shredded-chicken.jpg,
12108,shredded coconut,https://img.spoonacular.com/ingredients_100x100/shredded-coconut.jpg,
1001251,shredded mexican cheese blend,https://img.spoonacular.com/ingredients_100x100/shredded-mexican-cheese-blend.jpg,
1251,shredded mexican cheese blend,https://img.spoonacular.com/ingredients_100x100/shredded-mexican-cheese-blend.jpg,
1001026,shredded mozzarella,https://img.spoonacular.com/ingredients_100x100/shredded-mozzarella.jpg,
16161,silken tofu,https://img.spoonacular.com/ingredients_100x100/silken-tofu.jpg,
23625,sirloin steak,https://img.spoonacular.com/ingredients_100x100/sirloin-steak.jpg,
93630,skim milk ricotta,https://img.spoonacular.com/ingredients_100x100/skim-milk-ricotta.jpg,
99033,skim vanilla greek yogurt,https://img.spoonacular.com/ingredients_100x100/skim-vanilla-greek-yogurt.jpg,
1005091,skin-on bone-in chicken leg quarters,https://img.spoonacular.com/ingredients_100x100/skin-on-bone-in-chicken-leg-quarters.jpg,
1045062,skinless boneless chicken breast halves,https://img.spoonacular.com/ingredients_100x100/skinless-boneless-chicken-breast-halves.jpg,
5096,skinless boneless chicken thighs,https://img.spoonacular.com/ingredients_100x100/skinless-boneless-chicken-thighs.jpg,
93718,skinned black gram,https://img.spoonacular.com/ingredients_100x100/skinned-black-gram.jpg,
43016,slaw dressing,https://img.spoonacular.com/ingredients_100x100/slaw-dressing.jpg,
10011109,slaw mix,https://img.spoonacular.com/ingredients_100x100/slaw-mix.jpg,
10012061,slivered almonds,https://img.spoonacular.com/ingredients_100x100/slivered-almonds.jpg,
1012028,smoked paprika,https://img.spoonacular.com/ingredients_100x100/smoked-paprika.jpg,
15077,smoked salmon,https://img.spoonacular.com/ingredients_100x100/smoked-salmon.jpg,
7916,smoked sausage,https://img.spoonacular.com/ingredients_100x100/smoked-sausage.jpg,
16150,smooth peanut butter,https://img.spoonacular.com/ingredients_100x100/smooth-peanut-butter.jpg,
15101,snapper fillets,https://img.spoonacular.com/ingredients_100x100/snapper-fillets.jpg,
11300,snow peas,https://img.spoonacular.com/ingredients_100x100/snow-peas.jpg,
14121,soda water,https://img.spoonacular.com/ingredients_100x100/soda-water.jpg,
1056,sour cream,https://img.spoonacular.com/ingredients_100x100/sour-cream.jpg,
99169,sourdough bowl,https://img.spoonacular.com/ingredients_100x100/sourdough-bowl.jpg,
10118029,sourdough bread,https://img.spoonacular.com/ingredients_100x100/sourdough-bread.jpg,
16223,soy milk,https://img.spoonacular.com/ingredients_100x100/soy-milk.jpg,
16122,soy protein powder,https://img.spoonacular.com/ingredients_100x100/soy-protein-powder.jpg,
16124,soy sauce,https://img.spoonacular.com/ingredients_100x100/soy-sauce.jpg,
11420420,spaghetti,https://img.spoonacular.com/ingredients_100x100/spaghetti.jpg,
11492,spaghetti squash,https://img.spoonacular.com/ingredients_100x100/spaghetti-squash.jpg,
43155,sparkling wine,https://img.spoonacular.com/ingredients_100x100/sparkling-wine.jpg,
93823,spelt flour,https://img.spoonacular.com/ingredients_100x100/spelt-flour.jpg,
1022046,spicy brown mustard,https://img.spoonacular.com/ingredients_100x100/spicy-brown-mustard.jpg,
10011457,spinach,https://img.spoonacular.com/ingredients_100x100/spinach.jpg,
14144,sprite,https://img.spoonacular.com/ingredients_100x100/sprite.jpg,
11001,sprouts,https://img.spoonacular.com/ingredients_100x100/sprouts.jpg,
10011485,squash,https://img.spoonacular.com/ingredients_100x100/squash.jpg,
1016168,sriracha sauce,https://img.spoonacular.com/ingredients_100x100/sriracha-sauce.jpg,
23232,steaks,https://img.spoonacular.com/ingredients_100x100/steaks.jpg,
93695,steel cut oats,https://img.spoonacular.com/ingredients_100x100/steel-cut-oats.jpg,
93628,stevia,https://img.spoonacular.com/ingredients_100x100/stevia.jpg,
10023618,stew meat,https://img.spoonacular.com/ingredients_100x100/stew-meat.jpg,
11583,stew vegetables,https://img.spoonacular.com/ingredients_100x100/stew-vegetables.jpg,
1006615,stock,https://img.spoonacular.com/ingredients_100x100/stock.jpg,
18338,store-bought phyllo,https://img.spoonacular.com/ingredients_100x100/store-bought-phyllo.jpg,
93619,stout,https://img.spoonacular.com/ingredients_100x100/stout.jpg,
9316,strawberries,https://img.spoonacular.com/ingredients_100x100/strawberries.jpg,
10819297,strawberry jam,https://img.spoonacular.com/ingredients_100x100/strawberry-jam.jpg,
10219172,strawberry jello,https://img.spoonacular.com/ingredients_100x100/strawberry-jello.jpg,
18082,stuffing,https://img.spoonacular.com/ingredients_100x100/stuffing.jpg,
18081,stuffing mix,https://img.spoonacular.com/ingredients_100x100/stuffing-mix.jpg,
98940,sub rolls,https://img.spoonacular.com/ingredients_100x100/sub-rolls.jpg,
19335,sugar,https://img.spoonacular.com/ingredients_100x100/sugar.jpg,
10011300,sugar snap peas,https://img.spoonacular.com/ingredients_100x100/sugar-snap-peas.jpg,
90480,sugar syrup,https://img.spoonacular.com/ingredients_100x100/sugar-syrup.jpg,
99190,sukrin sweetener,https://img.spoonacular.com/ingredients_100x100/sukrin-sweetener.jpg,
98961,summer savory,https://img.spoonacular.com/ingredients_100x100/summer-savory.jpg,
11641,summer squash,https://img.spoonacular.com/ingredients_100x100/summer-squash.jpg,
4584,sunflower oil,https://img.spoonacular.com/ingredients_100x100/sunflower-oil.jpg,
12036,sunflower seeds,https://img.spoonacular.com/ingredients_100x100/sunflower-seeds.jpg,
98962,sweet chilli sauce,https://img.spoonacular.com/ingredients_100x100/sweet-chilli-sauce.jpg,
11294,sweet onion,https://img.spoonacular.com/ingredients_100x100/sweet-onion.jpg,
1002028,sweet paprika,https://img.spoonacular.com/ingredients_100x100/sweet-paprika.jpg,
93640,sweet pickle juice,https://img.spoonacular.com/ingredients_100x100/sweet-pickle-juice.jpg,
11945,sweet pickle relish,https://img.spoonacular.com/ingredients_100x100/sweet-pickle-relish.jpg,
11507,sweet potato,https://img.spoonacular.com/ingredients_100x100/sweet-potato.jpg,
14355,sweet tea,https://img.spoonacular.com/ingredients_100x100/sweet-tea.jpg,
12109,sweetened coconut,https://img.spoonacular.com/ingredients_100x100/sweetened-coconut.jpg,
1095,sweetened condensed milk,https://img.spoonacular.com/ingredients_100x100/sweetened-condensed-milk.jpg,
12179,sweetened shredded coconut,https://img.spoonacular.com/ingredients_100x100/sweetened-shredded-coconut.jpg,
11147,swiss chard,https://img.spoonacular.com/ingredients_100x100/swiss-chard.jpg,
1040,swiss cheese,https://img.spoonacular.com/ingredients_100x100/swiss-cheese.jpg,
2073,taco seasoning mix,https://img.spoonacular.com/ingredients_100x100/taco-seasoning-mix.jpg,
18360,taco shells,https://img.spoonacular.com/ingredients_100x100/taco-shells.jpg,
12698,tahini,https://img.spoonacular.com/ingredients_100x100/tahini.jpg,
10116124,tamari,https://img.spoonacular.com/ingredients_100x100/tamari.jpg,
93696,tapioca flour,https://img.spoonacular.com/ingredients_100x100/tapioca-flour.jpg,
2041,tarragon,https://img.spoonacular.com/ingredients_100x100/tarragon.jpg,
1029003,tart apple,https://img.spoonacular.com/ingredients_100x100/tart-apple.jpg,
10111111,tea bags,https://img.spoonacular.com/ingredients_100x100/tea-bags.jpg,
10814037,tequila,https://img.spoonacular.com/ingredients_100x100/tequila.jpg,
6112,teriyaki sauce,https://img.spoonacular.com/ingredients_100x100/teriyaki-sauce.jpg,
1012044,thai basil,https://img.spoonacular.com/ingredients_100x100/thai-basil.jpg,
11670,thai chiles,https://img.spoonacular.com/ingredients_100x100/thai-chiles.jpg,
93605,thai red curry paste,https://img.spoonacular.com/ingredients_100x100/thai-red-curry-paste.jpg,
10310123,thick-cut bacon,https://img.spoonacular.com/ingredients_100x100/thick-cut-bacon.jpg,
15261,tilapia fillets,https://img.spoonacular.com/ingredients_100x100/tilapia-fillets.jpg,
18070,toast,https://img.spoonacular.com/ingredients_100x100/toast.jpg,
19383,toffee bits,https://img.spoonacular.com/ingredients_100x100/toffee-bits.jpg,
16213,tofu,https://img.spoonacular.com/ingredients_100x100/tofu.jpg,
11954,tomatillos,https://img.spoonacular.com/ingredients_100x100/tomatillos.jpg,
11886,tomato juice,https://img.spoonacular.com/ingredients_100x100/tomato-juice.jpg,
11887,tomato paste,https://img.spoonacular.com/ingredients_100x100/tomato-paste.jpg,
11547,tomato puree,https://img.spoonacular.com/ingredients_100x100/tomato-puree.jpg,
11549,tomato sauce,https://img.spoonacular.com/ingredients_100x100/tomato-sauce.jpg,
6159,tomato soup,https://img.spoonacular.com/ingredients_100x100/tomato-soup.jpg,
11529,tomatoes,https://img.spoonacular.com/ingredients_100x100/tomato.jpg,TRUE
13523,top blade steak,https://img.spoonacular.com/ingredients_100x100/top-blade-steak.jpg,
23636,top round steak,https://img.spoonacular.com/ingredients_100x100/top-round-steak.jpg,
23584,Top Sirloin,https://img.spoonacular.com/ingredients_100x100/Top-Sirloin.jpg,
18364,tortilla,https://img.spoonacular.com/ingredients_100x100/tortilla.jpg,
19056,tortilla chips,https://img.spoonacular.com/ingredients_100x100/tortilla-chips.jpg,
14534,triple sec,https://img.spoonacular.com/ingredients_100x100/triple-sec.jpg,
1024053,truffle oil,https://img.spoonacular.com/ingredients_100x100/truffle-oil.jpg,
10015121,tuna,https://img.spoonacular.com/ingredients_100x100/fish.jpg,
19908,turbinado sugar,https://img.spoonacular.com/ingredients_100x100/turbinado-sugar.jpg,
5165,turkey,https://img.spoonacular.com/ingredients_100x100/turkey.jpg,
5696,turkey breast,https://img.spoonacular.com/ingredients_100x100/turkey-breast.jpg,
7955,turkey kielbasa,https://img.spoonacular.com/ingredients_100x100/turkey-kielbasa.jpg,
2043,turmeric,https://img.spoonacular.com/ingredients_100x100/turmeric.jpg,
11564,turnips,https://img.spoonacular.com/ingredients_100x100/turnips.jpg,
10020081,unbleached flour,https://img.spoonacular.com/ingredients_100x100/unbleached-flour.jpg,
1145,unsalted butter,https://img.spoonacular.com/ingredients_100x100/unsalted-butter.jpg,
10130,unsmoked back bacon,https://img.spoonacular.com/ingredients_100x100/unsmoked-back-bacon.jpg,
9019,unsweetened applesauce,https://img.spoonacular.com/ingredients_100x100/unsweetened-applesauce.jpg,
12117,unsweetened coconut milk,https://img.spoonacular.com/ingredients_100x100/unsweetened-coconut-milk.jpg,
10012108,unsweetened shredded coconut,https://img.spoonacular.com/ingredients_100x100/unsweetened-shredded-coconut.jpg,
93622,vanilla bean,https://img.spoonacular.com/ingredients_100x100/vanilla-bean.jpg,
93813,vanilla bean paste,https://img.spoonacular.com/ingredients_100x100/vanilla-bean-paste.jpg,
1012050,vanilla essence,https://img.spoonacular.com/ingredients_100x100/vanilla-essence.jpg,
2050,vanilla extract,https://img.spoonacular.com/ingredients_100x100/vanilla-extract.jpg,
10019230,vanilla frosting,https://img.spoonacular.com/ingredients_100x100/vanilla-frosting.jpg,
19206,vanilla instant pudding mix,https://img.spoonacular.com/ingredients_100x100/vanilla-instant-pudding-mix.jpg,
99076,vanilla protein powder,https://img.spoonacular.com/ingredients_100x100/vanilla-protein-powder.jpg,
18609,vanilla wafers,https://img.spoonacular.com/ingredients_100x100/vanilla-wafers.jpg,TRUE
1119,vanilla yogurt,https://img.spoonacular.com/ingredients_100x100/vanilla-yogurt.jpg,
93701,vegan cheese,https://img.spoonacular.com/ingredients_100x100/vegan-cheese.jpg,
98848,vegan chocolate chips,https://img.spoonacular.com/ingredients_100x100/vegan-chocolate-chips.jpg,
4673,vegan margarine,https://img.spoonacular.com/ingredients_100x100/vegan-margarine.jpg,
6615,vegetable broth,https://img.spoonacular.com/ingredients_100x100/vegetable-broth.jpg,
4513,vegetable oil,https://img.spoonacular.com/ingredients_100x100/vegetable-oil.jpg,TRUE
16542,vegetarian bacon,https://img.spoonacular.com/ingredients_100x100/vegetarian-bacon.jpg,
14132,vermouth,https://img.spoonacular.com/ingredients_100x100/vermouth.jpg,
4135,vinaigrette,https://img.spoonacular.com/ingredients_100x100/vinaigrette.jpg,
2053,vinegar,https://img.spoonacular.com/ingredients_100x100/vinegar.jpg,
14051,vodka,https://img.spoonacular.com/ingredients_100x100/vodka.jpg,
12155,walnuts,https://img.spoonacular.com/ingredients_100x100/walnuts.jpg,TRUE
14412,water,https://img.spoonacular.com/ingredients_100x100/water.jpg,TRUE
11590,water chestnuts,https://img.spoonacular.com/ingredients_100x100/water-chestnuts.jpg,
15121,water-packed tuna,https://img.spoonacular.com/ingredients_100x100/water-packed-tuna.jpg,
11591,watercress,https://img.spoonacular.com/ingredients_100x100/watercress.jpg,
9326,watermelon chunks,https://img.spoonacular.com/ingredients_100x100/watermelon-chunks.jpg,
20077,wheat bran,https://img.spoonacular.com/ingredients_100x100/wheat-bran.jpg,
20078,wheat germ,https://img.spoonacular.com/ingredients_100x100/wheat-germ.jpg,
1054,whipped cream,https://img.spoonacular.com/ingredients_100x100/whipped-cream.jpg,
42135,whipped topping,https://img.spoonacular.com/ingredients_100x100/whipped-topping.jpg,
1001053,whipping cream,https://img.spoonacular.com/ingredients_100x100/whipping-cream.jpg,
14052,whiskey,https://img.spoonacular.com/ingredients_100x100/whiskey.jpg,
1012069,white balsamic vinegar,https://img.spoonacular.com/ingredients_100x100/white-balsamic-vinegar.jpg,
18069,white bread,https://img.spoonacular.com/ingredients_100x100/white-bread.jpg,
18137,white cake mix,https://img.spoonacular.com/ingredients_100x100/white-cake-mix.jpg,
1011009,white cheddar,https://img.spoonacular.com/ingredients_100x100/white-cheddar.jpg,
19087,white chocolate,https://img.spoonacular.com/ingredients_100x100/white-chocolate.jpg,
10019087,white chocolate chips,https://img.spoonacular.com/ingredients_100x100/white-chocolate-chips.jpg,
10611282,white onion,https://img.spoonacular.com/ingredients_100x100/white-onion.jpg,
2032,white pepper,https://img.spoonacular.com/ingredients_100x100/white-pepper.jpg,
93824,white whole wheat flour,https://img.spoonacular.com/ingredients_100x100/white-whole-wheat-flour.jpg,
14106,white wine,https://img.spoonacular.com/ingredients_100x100/white-wine.jpg,
1002068,white wine vinegar,https://img.spoonacular.com/ingredients_100x100/white-wine-vinegar.jpg,
1002001,whole allspice berries,https://img.spoonacular.com/ingredients_100x100/whole-allspice-berries.jpg,
5006,whole chicken,https://img.spoonacular.com/ingredients_100x100/whole-chicken.jpg,
2013,whole coriander seeds,https://img.spoonacular.com/ingredients_100x100/whole-coriander-seeds.jpg,
9081,whole cranberry sauce,https://img.spoonacular.com/ingredients_100x100/whole-cranberry-sauce.jpg,
11177,whole kernel corn,https://img.spoonacular.com/ingredients_100x100/whole-kernel-corn.jpg,
1012002,whole star anise,https://img.spoonacular.com/ingredients_100x100/whole-star-anise.jpg,
18075,whole wheat bread,https://img.spoonacular.com/ingredients_100x100/whole-wheat-bread.jpg,
20080,whole wheat flour,https://img.spoonacular.com/ingredients_100x100/whole-wheat-flour.jpg,
93675,whole wheat tortillas,https://img.spoonacular.com/ingredients_100x100/whole-wheat-tortillas.jpg,
1012046,whole-grain mustard,https://img.spoonacular.com/ingredients_100x100/whole-grain-mustard.jpg,
14084,wine,https://img.spoonacular.com/ingredients_100x100/wine.jpg,
2068,wine vinegar,https://img.spoonacular.com/ingredients_100x100/wine-vinegar.jpg,
10111485,winter squash,https://img.spoonacular.com/ingredients_100x100/winter-squash.jpg,
10018368,won ton wraps,https://img.spoonacular.com/ingredients_100x100/won-ton-wraps.jpg,
6971,worcestershire sauce,https://img.spoonacular.com/ingredients_100x100/worcestershire-sauce.jpg,
10018364,wraps,https://img.spoonacular.com/ingredients_100x100/wraps.jpg,
93626,xanthan gum,https://img.spoonacular.com/ingredients_100x100/xanthan-gum.jpg,
18375,yeast,https://img.spoonacular.com/ingredients_100x100/yeast.jpg,
11951,yellow bell pepper,https://img.spoonacular.com/ingredients_100x100/yellow-bell-pepper.jpg,
18144,yellow cake mix,https://img.spoonacular.com/ingredients_100x100/yellow-cake-mix.jpg,
10511282,yellow onion,https://img.spoonacular.com/ingredients_100x100/yellow-onion.jpg,
1116,yogurt,https://img.spoonacular.com/ingredients_100x100/yogurt.jpg,
10211362,yukon gold potato,https://img.spoonacular.com/ingredients_100x100/yukon-gold-potato.jpg,
